id,age,gender_norm,location,locationFlexibility_norm,profileUrl,word_count,sentence_count,avg_sentence_len_words,exclam_count,exclam_per_100_words,question_count,questions_per_100_words,emoji_count,emoji_per_100_words
usr_62111231bc,34,female,Flexible Asia,high,https://docs.google.com/document/d/1MBtm_NZpmv9nal9tfqlLt_XgzeJvKhHMqlLTeJN--Ig/edit?usp=sharing,1667.0,89.0,18.730337078651687,1.0,0.05998800239952009,2.0,0.11997600479904018,0.0,0.0
usr_18c02c17a2,21,male,San Francisco Bay Area NYC North America Flexible NY Asia Ohio,high,https://docs.google.com/document/d/1YsIfVPMvjjZDFV1_bVHfMQElrw-rOgXNAleYmGn61ok/edit?usp=sharing,909.0,57.0,15.947368421052632,0.0,0.0,2.0,0.22002200220022,0.0,0.0
usr_1c58a6a0e7,40,female,Flexible,high,https://valbrains.substack.com/p/marry-val,1224.0,41.0,29.853658536585368,2.0,0.16339869281045752,2.0,0.16339869281045752,1.0,0.08169934640522876
usr_f2fa5eadbf,25,male,Sydney Australia,high,https://bit.ly/dm-tony,839.0,49.0,17.122448979591837,2.0,0.23837902264600713,2.0,0.23837902264600713,0.0,0.0
usr_aea53a8142,36,female,Vancouver Island,high,https://docs.google.com/document/d/1rJK-jGVNFw7cBXEkkc0DRZiP8GbTK-hOgNHd0pjkBVo/edit?usp=sharing,2035.0,66.0,30.833333333333332,20.0,0.9828009828009828,0.0,0.0,0.0,0.0
usr_957f29464f,36,female,"San Francisco Bay Area NYC London Central Europe DC UK Los Angeles Berlin Barcelona, Spain North America Flexible Boston NY Western US Seattle Chicago Asia NJ Philadelphia Paris, France Colorado Toronto Austin PA Canada Brighton Southern US Vancouver TX Portland MA Denver Brazil Amsterdam WI South of France Cambridge Berkeley WA Vancouver Island South Bay Oxford Oregon North Carolina Dubai Somerville Sacramento Ohio Madison Madrid, Spain Ladysmith BC Georgia Asheville Sydney Australia Sweden ON New Haven Nebraska Monterey Lubbock CT Rhode Island Miami Indonesia Norway Spain",high,https://docs.google.com/document/d/1IyfdEBxqssVT4P-BIvZ54JVEk_CROh-woZvWlVyy4ho/edit?usp=sharing,335.0,30.0,11.166666666666666,1.0,0.2985074626865672,0.0,0.0,1.0,0.2985074626865672
usr_9256c466fb,32,male,San Francisco Bay Area,none,https://docs.google.com/document/d/1m0vMwyhhey6051sYgUqnHicxfROgEK8aRBMK16ZTyj4/edit?usp=drivesdk,569.0,17.0,33.470588235294116,2.0,0.35149384885764495,1.0,0.17574692442882248,0.0,0.0
usr_f79f5f2b1b,29,male,UK,some,https://date-me-andrew-ea.netlify.app/,2081.0,67.0,31.059701492537314,7.0,0.3363767419509851,0.0,0.0,2.0,0.09610764055742432
usr_f98cae6f00,36,female,Western US Seattle Portland Berkeley WA Oregon,high,https://tinyurl.com/DateMonel,1341.0,30.0,44.7,2.0,0.14914243102162564,10.0,0.7457121551081283,0.0,0.0
usr_77c62063c9,29,male,Central Europe Berlin,some,https://docs.google.com/document/d/1JGlBiilxgQvcU9GocMYhnrLPAXO8dgJJZT_PrB0ZAFA/edit?usp=sharing,1012.0,62.0,16.322580645161292,3.0,0.2964426877470355,1.0,0.09881422924901186,1.0,0.09881422924901186
usr_5bd7339095,43,male,Flexible,high,https://www.blakeboles.com/dating/,1512.0,107.0,14.130841121495328,12.0,0.7936507936507936,16.0,1.0582010582010581,33.0,2.1825396825396823
usr_323f919897,36,female,North America Western US Portland Oregon,high,https://compassmeet.com/Monel?referrer=Monel,570.0,41.0,13.902439024390244,0.0,0.0,3.0,0.5263157894736842,0.0,0.0
usr_44b02483f3,35,female,Central Europe,high,https://docs.google.com/document/d/1ypwx3c2GXYD6rFHFOtlLploKt79fJOSO/edit#heading=h.it87vxpz9xri,1173.0,55.0,21.327272727272728,2.0,0.17050298380221654,3.0,0.2557544757033248,0.0,0.0
usr_9368a27fa1,28,male,"San Francisco Bay Area NYC London Central Europe DC UK Los Angeles Berlin Barcelona, Spain North America Flexible Boston NY Western US Seattle Chicago Asia NJ Philadelphia Paris, France Colorado Toronto Austin PA Canada Brighton Southern US Vancouver TX Portland MA Denver Brazil Amsterdam WI South of France Cambridge Berkeley WA Vancouver Island South Bay Oxford Oregon North Carolina Dubai Somerville Seoul Sacramento Ohio Madison Madrid, Spain Ladysmith BC Indianapolis Georgia Asheville Sydney Australia Sweden Ribeirão Bonito ON New Haven Nebraska Monterey Lubbock Ewing Collingswood CT Rhode Island Miami Indonesia Norway Israel Spain",high,https://www.compassmeet.com/Martin,1396.0,67.0,20.83582089552239,3.0,0.21489971346704873,2.0,0.14326647564469913,0.0,0.0
usr_15f3bdcf80,38,female,Central Europe,some,https://www.compassmeet.com/RuthS,375.0,21.0,17.857142857142858,1.0,0.26666666666666666,1.0,0.26666666666666666,0.0,0.0
usr_69c6656a7e,35,male,London UK,high,https://docs.google.com/document/d/1Pqg_1kC6hpqWafWwpyNYZssu-STY3tCP4f81YoUu7f8/edit?tab=t.0,645.0,27.0,23.88888888888889,15.0,2.3255813953488373,2.0,0.31007751937984496,1.0,0.15503875968992248
usr_5d1b9d55a6,24,male,Philadelphia,some,https://www.notion.so/Jackson-s-Date-Me-Doc-27dacb6c88e680daaf3fffae572fc12a?source=copy_link,384.0,12.0,32.0,2.0,0.5208333333333333,3.0,0.78125,3.0,0.78125
usr_db2dae94d0,24,male,Boston,none,https://comet-ironclad-32c.notion.site/Date-Me-Doc-27cf132b9a83808198dff313967f26c3,1040.0,37.0,28.10810810810811,0.0,0.0,0.0,0.0,0.0,0.0
usr_3647e23669,32,male,Boston,some,https://docs.google.com/document/u/0/d/1bdSLO2U3viUpwNWAsLnJkrkZJZ4QYBBVuo0QRdAvNZ8/mobilebasic,2956.0,138.0,21.420289855072465,7.0,0.2368064952638701,3.0,0.10148849797023003,0.0,0.0
usr_6dc2e0bdb6,22,male,San Francisco Bay Area North America Berkeley,high,https://docs.google.com/document/d/15r4VW3pYGJhNGC4wshKdYu5BROopkaYLnoVtKBHalt0/edit?usp=sharing,853.0,53.0,16.09433962264151,3.0,0.3516998827667058,0.0,0.0,12.0,1.406799531066823
usr_a4dd2a5faa,40,male,San Francisco Bay Area Los Angeles North America Flexible Western US Sacramento Georgia Miami,high,https://docs.google.com/document/d/1j5JBbdrm50F4_-AOk7bVspjdTH6Y4cFd/edit?usp=sharing&ouid=101179664150611202651&rtpof=true&sd=true,569.0,27.0,21.074074074074073,1.0,0.17574692442882248,0.0,0.0,8.0,1.4059753954305798
usr_ca7ce7ccf9,39,female,DC,high,https://docs.google.com/document/d/1VLmzTuliQuHEASh8u5PasrjDTAmzT6ulTLRPTEeinR4/edit?tab=t.0,900.0,59.0,15.254237288135593,0.0,0.0,1.0,0.1111111111111111,0.0,0.0
usr_1a3dd3479b,34,male,"San Francisco Bay Area NYC London Central Europe DC UK Los Angeles Barcelona, Spain North America Flexible Boston NY Western US Seattle Chicago NJ Philadelphia Paris, France Colorado Toronto Austin PA Canada Southern US Vancouver TX Portland MA Denver Brazil Amsterdam South of France WA Vancouver Island Oxford Oregon North Carolina Sacramento Ohio Madrid, Spain Indianapolis Georgia Sydney Australia Sweden Ribeirão Bonito ON New Haven Collingswood CT Rhode Island Miami Norway Israel Spain",high,https://docs.google.com/presentation/d/17HYGfwVYRrewKq3XA_CY8PxKvLKJSjbsHbdgtYIf4pQ/edit?slide=id.g380709d89f2_0_1#slide=id.g380709d89f2_0_1,401.0,12.0,33.416666666666664,6.0,1.4962593516209477,4.0,0.997506234413965,0.0,0.0
usr_a6812c96de,38,female,San Francisco Bay Area,high,https://docs.google.com/document/d/1pXXLvGTffQZwFpzXwYeBqC3qZX4C_AiOZKIlEDi1BRI/edit?tab=t.0,817.0,34.0,24.029411764705884,3.0,0.36719706242350064,0.0,0.0,0.0,0.0
usr_8734675044,23,female,UK,high,https://docs.google.com/document/d/1x-pZaVZj0g9_eihe9E-eVLsYi_gjxluT3SDuv44tplQ/edit?usp=sharing,538.0,8.0,67.25,0.0,0.0,0.0,0.0,0.0,0.0
usr_a7a9bad78b,32,male,NYC,some,https://www.notion.so/Nathan-D-Nguyen-263ec25f8a5c80c58c96c643dfc621d8?source=copy_link,762.0,31.0,24.580645161290324,6.0,0.7874015748031495,3.0,0.39370078740157477,17.0,2.2309711286089238
usr_78ece4944a,29,male,London UK,high,https://docs.google.com/document/d/1-Bq1KD5QhIMcTqUIX-JVhO8BCBIl8J1l2d8hmQay1mM/edit?usp=drivesdk,326.0,13.0,25.076923076923077,2.0,0.6134969325153374,0.0,0.0,0.0,0.0
usr_3089c6389f,31,male,San Francisco Bay Area Austin,high,https://www.georgeyw.com/dating/,1177.0,61.0,19.295081967213115,7.0,0.5947323704333051,6.0,0.5097706032285472,3.0,0.2548853016142736
usr_7b6463a41f,40,female,San Francisco Bay Area,some,https://docs.google.com/document/d/1I8_bw96SjlcvRb8ck6zRpzMeInYLtzuJ3hHeDRmzCEI/edit?tab=t.0,369.0,11.0,33.54545454545455,1.0,0.27100271002710025,0.0,0.0,0.0,0.0
usr_41855fc328,37,female,Los Angeles North America Boston NY Seattle Chicago Colorado Austin PA Somerville Seoul Sacramento Ohio Georgia Asheville,high,https://docs.google.com/document/u/0/,2690.0,60.0,44.833333333333336,0.0,0.0,1.0,0.03717472118959108,0.0,0.0
usr_e4e1b0b7c4,28,male,"Central Europe Berlin Flexible Paris, France Amsterdam South of France Sweden",high,https://docs.google.com/document/d/1FUmgQ-KJS5lP3OIe-I_IW2Av_dEyfM395tVbuI6xkCA/edit?usp=sharing,1163.0,62.0,18.758064516129032,3.0,0.2579535683576956,0.0,0.0,0.0,0.0
usr_2baef7757a,25,male,San Francisco Bay Area,some,https://docs.google.com/document/d/10q8DD7V7xLMcne7pKNlmhRbmYXtSq4qUvGnkRLZMN8Y/edit?tab=t.0,853.0,43.0,19.837209302325583,6.0,0.7033997655334115,0.0,0.0,0.0,0.0
usr_29f94af17f,24,male,San Francisco Bay Area,high,https://docs.google.com/document/d/17wEVCaqahXfIJWOgyUQm4al0jt_4gh5WgMQ8RjX33WQ/edit?usp=sharing,749.0,34.0,22.029411764705884,0.0,0.0,6.0,0.801068090787717,7.0,0.9345794392523363
usr_bc8943c1f6,29,male,San Francisco Bay Area,high,https://docs.google.com/document/d/1ZEF8hNHIgqdRG96hftox0Y6--JRyGgqizv7adg-4AoY/edit?usp=sharing,120.0,4.0,30.0,2.0,1.6666666666666667,1.0,0.8333333333333334,0.0,0.0
usr_07f65c8d00,35,male,San Francisco Bay Area,high,https://yash.date,368.0,31.0,11.870967741935484,1.0,0.2717391304347826,0.0,0.0,0.0,0.0
usr_9ea93eae4d,35,male,London UK,some,https://docs.google.com/document/d/e/2PACX-1vTAXA_mlRXBI2bL5CXiLG_ql-wYDqmaSJvjQzZvIISA0SLraZNliAEPcj_-G9fF7CT4Ufjby3hANMD6/pub,341.0,20.0,17.05,1.0,0.2932551319648094,0.0,0.0,8.0,2.346041055718475
usr_05416c339c,25,male,Central Europe,none,https://docs.google.com/document/d/1Ry9NjACq4lQnMTQwWYiXKOmXGLwn76C2Qq_mce7y1m0/edit?usp=sharing,886.0,43.0,20.6046511627907,3.0,0.33860045146726864,1.0,0.1128668171557562,1.0,0.1128668171557562
usr_2d2e80e632,36,female,Canada ON,some,https://www.notion.so/Hey-there-I-m-Roxanne-23f6d974e4b88022a65ce7130b8414b9?source=copy_link,790.0,37.0,21.35135135135135,9.0,1.139240506329114,1.0,0.12658227848101267,27.0,3.4177215189873418
usr_b249276aff,37,female,NYC,some,https://docs.google.com/document/d/1_8a3S8d9KgUTJ8ZbZjR1h_WLpSk1J4PbeOHmmkFSlq4/edit?tab=t.0#heading=h.t5jbtm2toxdo,1877.0,92.0,20.402173913043477,4.0,0.21310602024507191,2.0,0.10655301012253596,2.0,0.10655301012253596
usr_28c25b686b,34,male,Southern US,some,https://docs.google.com/document/d/1vqKwW05BnNo64wQMH7dXEIVVGVsVuX6KOVEpido_3vw,323.0,17.0,19.0,0.0,0.0,1.0,0.30959752321981426,0.0,0.0
usr_af082a73b0,27,male,San Francisco Bay Area North America Flexible Western US Berkeley South Bay,high,https://docs.google.com/document/d/1iLzBims1TZTng4Cv60pBTwbHOwIeJcip5z_xwFd0lFQ/edit?usp=sharing,487.0,26.0,18.73076923076923,3.0,0.6160164271047228,2.0,0.41067761806981523,2.0,0.41067761806981523
usr_de9267b485,31,male,North America Flexible,some,https://becomingstronger.substack.com/p/alexs-dating-profile,1371.0,74.0,18.527027027027028,15.0,1.0940919037199124,1.0,0.07293946024799416,8.0,0.5835156819839533
usr_fc017d82c9,27,female,UK Flexible,high,https://docs.google.com/document/d/1L2BFOkze_H3gRCcRQB2acwv7RsW7yFYwnc85FM2S7GI/edit?usp=drivesdk,178.0,7.0,25.428571428571427,0.0,0.0,0.0,0.0,3.0,1.6853932584269662
usr_7abe6d26c5,39,male,London Sweden,high,https://eriklonnroth.com/date-me/,1693.0,83.0,20.397590361445783,7.0,0.4134672179562906,0.0,0.0,12.0,0.7088009450679268
usr_55a09b3eb6,24,male,Central Europe Norway,high,https://gorgeous-crown-b0b.notion.site/Hey-Panagiotis-here-21329cf3107080489687eeac53caf397?source=copy_link,436.0,26.0,16.76923076923077,7.0,1.6055045871559634,2.0,0.45871559633027525,14.0,3.211009174311927
usr_5c454914d9,37,male,DC,high,https://docs.google.com/document/d/14ugbhrTSlAs-2FWgqv0acVYoTaZBJ1ZdS0xrKD72p0I/edit?usp=sharing,575.0,34.0,16.91176470588235,3.0,0.5217391304347827,1.0,0.17391304347826086,0.0,0.0
usr_bea9a0b648,27,male,San Francisco Bay Area,some,https://yashmittal.me/dating,924.0,72.0,12.833333333333334,0.0,0.0,0.0,0.0,2.0,0.21645021645021645
usr_1a96b561a7,30,male,UK,some,https://docs.google.com/document/d/1L4JxLQWoumeuwmXAczPJmsBWncVuR13KFNqfwKdSGm8/edit?usp=drivesdk,404.0,22.0,18.363636363636363,0.0,0.0,0.0,0.0,0.0,0.0
usr_1fb73e4836,32,male,San Francisco Bay Area NYC North America Flexible Philadelphia,high,https://quinnd.net/date,854.0,46.0,18.565217391304348,0.0,0.0,3.0,0.351288056206089,0.0,0.0
usr_9e07ccdaa5,34,male,London Central Europe Flexible Spain,high,https://docs.google.com/forms/d/e/1FAIpQLScLELYq0L_BXbb-fBbRW4UEGq9UkzF6-lsLTY61OMQBiJGcKw/viewform?usp=header,376.0,24.0,15.666666666666666,5.0,1.3297872340425532,2.0,0.5319148936170213,0.0,0.0
usr_f1fa07879a,35,male,San Francisco Bay Area,none,https://datejarrett.notion.site/,1871.0,95.0,19.694736842105264,6.0,0.3206841261357563,2.0,0.10689470871191875,3.0,0.16034206306787815
usr_2b3c84d078,26,female,NYC,some,https://solid-helenium-175.notion.site/Date-me-Pavitthra-1fe42ee555c58027ad31ec162f4f7277?pvs=4,328.0,15.0,21.866666666666667,1.0,0.3048780487804878,0.0,0.0,2.0,0.6097560975609756
usr_76e12533b0,34,male,London Vancouver Vancouver Island,high,https://docs.google.com/document/d/1clUq9yl_mu0SsmlNt5NUs_LJaWTCZiL-R13rtZwjb1w/edit?usp=sharing,1173.0,30.0,39.1,3.0,0.2557544757033248,2.0,0.17050298380221654,3.0,0.2557544757033248
usr_e02afc30b9,57,female,Western US,some,https://docs.google.com/document/d/1u1kVtA5q4fichEzg6OntYX2HuTlNc1WBofBdDWpm6LM/edit,420.0,30.0,14.0,5.0,1.1904761904761905,2.0,0.4761904761904762,1.0,0.2380952380952381
usr_7beff3f364,44,male,Canada,some,https://docs.google.com/document/d/1Gf7i-5Fher5rwOnpGBWufcJ645mOGJc7VVakdJvmU2g/edit?usp=sharing,446.0,32.0,13.9375,5.0,1.1210762331838564,4.0,0.8968609865470852,0.0,0.0
usr_ec665788c6,33,male,North America North Carolina,high,https://docs.google.com/document/d/1LeW5oN7bcpL3mpHxYXC-XdJewSUGSRMn6iAwsp8gU4E/edit?usp=sharing,1203.0,110.0,10.936363636363636,7.0,0.5818786367414797,6.0,0.4987531172069825,0.0,0.0
usr_1d7ce6b95c,27,female,Philadelphia,some,https://docs.google.com/document/d/1bYSd0v3nWH9cUKn15KlzymWCSYhp0wVPYFjF85tIJ5o/edit?usp=sharing,103.0,6.0,17.166666666666668,1.0,0.9708737864077669,0.0,0.0,0.0,0.0
usr_8c045e9342,29,male,San Francisco Bay Area Berkeley,some,https://docs.google.com/document/d/1aDkAY5AHXysAdphGjNqIoDaMQVdWBORWFqJpIO3DMBc/edit?usp=sharing,1119.0,59.0,18.966101694915253,4.0,0.3574620196604111,1.0,0.08936550491510277,0.0,0.0
usr_482e943750,34,male,San Francisco Bay Area,some,https://www.rhyslindmark.com/date-me/,311.0,18.0,17.27777777777778,3.0,0.964630225080386,0.0,0.0,5.0,1.607717041800643
usr_c7b0287a2e,29,male,Miami,high,https://docs.google.com/document/d/13lBq9iPCHeKZMl7PsQW8nclkZzCK6jqZBgeQMgb_3cA/edit?usp=sharing,402.0,16.0,25.125,0.0,0.0,2.0,0.4975124378109453,2.0,0.4975124378109453
usr_2b2bbb68f8,42,female,Dubai Georgia Norway Israel Spain,high,https://www.notion.so/My-page-for-DateMeDoc-1e384e493d9c80f587e3c37182b150f6,1041.0,66.0,15.772727272727273,6.0,0.5763688760806917,1.0,0.09606147934678194,0.0,0.0
usr_8a66d8f970,42,male,Flexible,high,https://startawar.weebly.com,12720.0,669.0,19.013452914798208,3.0,0.02358490566037736,152.0,1.1949685534591197,26.0,0.20440251572327045
usr_dc07f2432e,25,male,DC,some,https://docs.google.com/presentation/d/1mX3Js5U4cwewVle-gjtmdbt5eX8QvdLjTkFCVI70l_8/edit?usp=sharing,430.0,27.0,15.925925925925926,1.0,0.23255813953488372,3.0,0.6976744186046512,0.0,0.0
usr_b8ae6cc066,32,male,NYC DC NY Philadelphia,some,https://docs.google.com/document/d/1FzEneC3zs2vskoTNe-r32AdAfOvWp6XHAo2oPGRL9RI/edit?tab=t.0,832.0,53.0,15.69811320754717,6.0,0.7211538461538461,0.0,0.0,0.0,0.0
usr_eafd834d0c,36,male,San Francisco Bay Area,high,https://docs.google.com/document/d/142ryjHRZI17fxPnYatc5zh1q9ue5CjSV8_NSdA_sC3k/edit?usp=sharing,185.0,5.0,37.0,1.0,0.5405405405405406,3.0,1.6216216216216217,0.0,0.0
usr_5cb6a47d0b,30,female,London,high,https://lauraistheone.straw.page/,330.0,34.0,9.705882352941176,4.0,1.2121212121212122,3.0,0.9090909090909091,0.0,0.0
usr_a64be45867,35,male,Central Europe,high,https://www.canva.com/design/DAGDz1WujkI/hXbfOEzolp-R8Vo0OUgfRA/view?utm_content=DAGDz1WujkI&utm_campaign=designshare&utm_medium=link2&utm_source=uniquelinks&utlId=hf95c5b72c1,176.0,9.0,19.555555555555557,2.0,1.1363636363636365,0.0,0.0,2.0,1.1363636363636365
usr_f93f3a791a,49,fnb,Seattle,some,https://docs.google.com/document/d/10LIYDRkLBmykucX5BHzS6Gvbo2eiTBEpXJlJRjnaQmk/edit?usp=sharing,2618.0,138.0,18.971014492753625,5.0,0.19098548510313218,2.0,0.07639419404125286,0.0,0.0
usr_65da957f53,38,male,London UK,some,https://docs.google.com/document/d/1l1DX16uY-VOwXmZycq77OP6Kae5dWafmbt5pTuhroJ0,377.0,47.0,8.02127659574468,0.0,0.0,1.0,0.2652519893899204,2.0,0.5305039787798408
usr_086121af0b,43,male,San Francisco Bay Area North America Flexible Western US Seattle Berkeley,high,https://docs.google.com/document/d/1W_-GV2fiMIh0r9wTRVnley2CyWepDuysTaXHr40llV0/edit?usp=sharing,1330.0,84.0,15.833333333333334,10.0,0.7518796992481203,1.0,0.07518796992481204,0.0,0.0
usr_d011560031,29,male,San Francisco Bay Area,none,https://docs.google.com/document/d/1Rw_zV7Ymyxn5COBKRdP9zyep47zB64s4pB2WfUMPJFI/edit?tab=t.0,1347.0,86.0,15.662790697674419,2.0,0.14847809948032664,4.0,0.2969561989606533,10.0,0.7423904974016332
usr_4542e591bd,40,male,UK,high,https://docs.google.com/document/d/16Li0PY9WG5k8SE2En77s57Ktsxc-hHdpuEqO5l5-DN4/edit?usp=drivesdk,701.0,54.0,12.981481481481481,4.0,0.5706134094151213,0.0,0.0,0.0,0.0
usr_87ae7e8e85,27,male,San Francisco Bay Area Philadelphia,some,https://arizerner.com/date-me/,731.0,55.0,13.290909090909091,6.0,0.8207934336525308,1.0,0.13679890560875513,2.0,0.27359781121751026
usr_c95879af82,31,male,North America Flexible Philadelphia PA,high,https://docs.google.com/document/d/1AvSdS2EUh4ZTglh-3YmhRaBEQ1PvMrZLsLl3308_pi4,865.0,44.0,19.65909090909091,2.0,0.23121387283236997,1.0,0.11560693641618498,0.0,0.0
usr_3eb7c032c3,41,male,San Francisco Bay Area,none,https://docs.google.com/document/d/1FqRsFXsSJBmD_Zs3yTYrVPYgUeG5TXZ5JIZsNBs6e9k/preview?tab=t.0#heading=h.o3qc2k3woqd1,1516.0,70.0,21.65714285714286,5.0,0.32981530343007914,2.0,0.13192612137203166,3.0,0.1978891820580475
usr_b1841bcdb4,39,female,Sacramento,high,https://docs.google.com/document/d/1ouZdjX5ByE8N9UIzU6XVfpsxpzIFYG1oL0nGUpd2p6E/edit?usp=sharing,593.0,36.0,16.47222222222222,3.0,0.5059021922428331,2.0,0.33726812816188867,0.0,0.0
usr_4c79d89899,37,male,London UK,some,https://docs.google.com/document/d/11nOHDCZslGqQ53wG8CCYOpIDTI884F4wbicLEjylH5M/edit?usp=sharing,1559.0,82.0,19.01219512195122,2.0,0.12828736369467605,1.0,0.06414368184733803,0.0,0.0
usr_ad37c5c484,37,female,North America,some,https://scarce-gem-bd7.notion.site/Mairead-s-Date-Me-Doc-166935b3efb980c9847ef01eb4f3a54e,501.0,17.0,29.470588235294116,1.0,0.19960079840319359,1.0,0.19960079840319359,10.0,1.996007984031936
usr_e913712157,43,male,Philadelphia,some,https://docs.google.com/spreadsheets/d/155XtE6GfxZ44hTUvxheA6V-kgRg6etCuYA-JJWiTkGI/edit?usp=sharing,1310.0,62.0,21.129032258064516,4.0,0.3053435114503817,1.0,0.07633587786259542,30.0,2.2900763358778624
usr_f9d016cd0b,23,male,UK Oxford,some,https://docs.google.com/document/d/1rtZV4yYqBlmAdHEqzp4Q4haoqyb9I6smncdxlYQns9s/edit?tab=t.gwts4a31kbwq,648.0,28.0,23.142857142857142,4.0,0.6172839506172839,2.0,0.30864197530864196,0.0,0.0
usr_dee75989a8,32,male,San Francisco Bay Area,none,https://tannergodarzi.notion.site/dating-tanner,870.0,40.0,21.75,4.0,0.45977011494252873,8.0,0.9195402298850575,15.0,1.7241379310344827
usr_f84a619384,34,male,San Francisco Bay Area,some,https://docs.google.com/presentation/d/1Zj9f2xbiKbeLVzXv3vGJSCIYuHycUbaecDLI2Vr0pOc/edit#slide=id.g193b26f510_0_0,110.0,2.0,55.0,1.0,0.9090909090909091,0.0,0.0,0.0,0.0
usr_1ffec2b180,27,male,London UK Oxford,some,https://docs.google.com/document/d/1UtpLXPEhxgQiATCUnKWp5z-KP4E9LsfwO-ouZGOwebM/edit?usp=sharing,1513.0,63.0,24.015873015873016,7.0,0.4626569729015202,1.0,0.06609385327164573,0.0,0.0
usr_5807311f43,45,male,San Francisco Bay Area,some,https://docs.google.com/document/d/1C1qh8u2cNK4e0vN_meHRP0jVLRKEWuDvrDw6PFey_U4/edit?tab=t.0#heading=h.cl2zkxqyrnei,1079.0,72.0,14.98611111111111,5.0,0.46339202965708987,17.0,1.5755329008341055,1.0,0.09267840593141798
usr_3f5b9628fc,24,female,DC North America Flexible,high,https://island-hoof-257.notion.site/Emily-s-Connection-Doc-267de24c51dc803c98d9c7bb03406dce?source=copy_link,435.0,31.0,14.03225806451613,9.0,2.0689655172413794,2.0,0.45977011494252873,4.0,0.9195402298850575
usr_7bea345c09,34,male,Flexible,high,https://shy-jam-24f.notion.site/George-s-Date-Me-Document-178b037fd79d807aac13e4144ea83eb7,1786.0,48.0,37.208333333333336,5.0,0.2799552071668533,2.0,0.11198208286674133,15.0,0.8398656215005599
usr_f6860f2591,55,male,North America Flexible,high,https://docs.google.com/document/d/1MaCVRm_erL-20w6fp7DtPCDKKpeee_h4lt3-6NYS9wY/edit?usp=drivesdk,1091.0,95.0,11.48421052631579,0.0,0.0,3.0,0.27497708524289644,0.0,0.0
usr_32e6c20d7a,37,fnb,Flexible Western US Seattle,some,https://docs.google.com/document/d/10CXBdzVdW07wC9qVlu_e4iZUUKqHiv5CDOwZNhvMIhg/edit?usp=sharing,1913.0,58.0,32.98275862068966,4.0,0.20909566126502874,1.0,0.052273915316257184,1.0,0.052273915316257184
usr_6c48cb097e,41,male,Indonesia,high,http://www.jamesnorris.org/wife,273.0,17.0,16.058823529411764,0.0,0.0,0.0,0.0,0.0,0.0
usr_74299a606e,22,female,Central Europe UK Oxford,high,https://docs.google.com/document/d/1jbIx9QRRXf-lSdE3uedgORJfY3mvisnZUhKX3rcCguk/edit?tab=t.0,258.0,7.0,36.857142857142854,1.0,0.3875968992248062,0.0,0.0,0.0,0.0
usr_f99d050fdb,38,male,DC,high,https://docs.google.com/document/d/1NYvJdirYzJmdWCTZfxTAvFChjk0fMjAH7RTsXYSefN8/edit?usp=sharing,1663.0,79.0,21.050632911392405,4.0,0.24052916416115455,2.0,0.12026458208057728,1.0,0.06013229104028864
usr_23903e6cac,38,male,San Francisco Bay Area NYC Los Angeles Flexible Asia,high,https://swyx.notion.site/dateme,1057.0,35.0,30.2,11.0,1.0406811731315044,4.0,0.3784295175023652,0.0,0.0
usr_1cbd809ad9,31,male,London UK,high,https://docs.google.com/document/d/1MeysEB_Du5Cl7qRV-iVJYT7LNdxqEtiRgRfE4m1vBTE/,1647.0,75.0,21.96,3.0,0.18214936247723132,2.0,0.12143290831815423,0.0,0.0
usr_64aaeab250,32,male,San Francisco Bay Area,none,https://jlricon.notion.site/Date-Jos-152b4a20459b8066ac87e3ec08a17dd8?pvs=4,2516.0,126.0,19.96825396825397,14.0,0.5564387917329093,6.0,0.23847376788553257,2.0,0.0794912559618442
usr_f8b3720cf2,25,male,NYC,high,https://docs.google.com/document/d/17HtyrQHEw0f5JBl_NdnPhIU2FuGIDb0r5XW1xx5XnSA/edit?usp=sharing,1921.0,105.0,18.295238095238094,5.0,0.2602811035918792,9.0,0.4685059864653826,1.0,0.052056220718375845
usr_13d918dd1a,30,male,San Francisco Bay Area,some,https://docs.google.com/document/d/1M4DuSQtgD4ScXjlXchLcRG7UVp3ROIizmsI35c61hVY/edit?usp=sharing,1215.0,65.0,18.692307692307693,2.0,0.1646090534979424,2.0,0.1646090534979424,0.0,0.0
usr_f3d4b8d4e3,38,male,London Boston,some,https://hussein.love/,1362.0,68.0,20.029411764705884,5.0,0.36710719530102787,1.0,0.07342143906020558,3.0,0.22026431718061676
usr_582385d5f1,34,female,Spain,some,https://docs.google.com/document/d/1xO8q7bhPADrqhwvaHkQu9oraRs14kly4YHNpVXSzqpg/edit?usp=sharing,1049.0,52.0,20.173076923076923,3.0,0.2859866539561487,4.0,0.3813155386081983,10.0,0.9532888465204957
usr_211c9de06e,45,male,Berlin,some,https://docs.google.com/document/d/e/2PACX-1vRroWmAODw_vEzsQFWwnmmc6g9tqh9HBXDpNZavoZW_eiwUzcLdzGSVVq1yoODalg_7Y4AUwugddpd0/pub,181.0,6.0,30.166666666666668,0.0,0.0,0.0,0.0,0.0,0.0
usr_a0ee1d96bb,36,male,NYC,some,https://docs.google.com/document/d/1zyQGt7hMgV3iKj8vKlPMgS1ese2L3-ACGZixJAT0re0/edit?tab=t.0,289.0,16.0,18.0625,4.0,1.384083044982699,1.0,0.34602076124567477,1.0,0.34602076124567477
usr_c5f611665c,43,female,Austin,high,https://docs.google.com/document/d/1cvUQmWmbcbh2rUlL-YBp9OVp_uw6C-dc885j-Ph44t0/edit,283.0,5.0,56.6,2.0,0.7067137809187279,1.0,0.35335689045936397,1.0,0.35335689045936397
usr_574998da53,30,male,San Francisco Bay Area,some,https://turntrout.com/date-me,1492.0,83.0,17.97590361445783,15.0,1.0053619302949062,8.0,0.5361930294906166,3.0,0.20107238605898123
usr_2af60cf596,36,male,North America Flexible Chicago Colorado TX,high,https://datekingett.bearblog.dev/,274.0,24.0,11.416666666666666,3.0,1.094890510948905,3.0,1.094890510948905,0.0,0.0
usr_5585b9cd21,30,male,Asia,some,https://docs.google.com/document/d/1GAwiBU-8Ezf0AqKsNDiDLWeE3PjEx9e5HhVPQqguzwo/edit?usp=drive_link,697.0,53.0,13.150943396226415,1.0,0.1434720229555237,6.0,0.860832137733142,0.0,0.0
usr_8f8b200a9a,27,fmnb,Seattle Portland,some,https://docs.google.com/document/d/1JCW7SIq8_PBCRMiyt1aO5BphTJ51ml1TqHldGSuD6BQ/edit?usp=sharing,740.0,36.0,20.555555555555557,2.0,0.2702702702702703,0.0,0.0,0.0,0.0
usr_54d1128b0f,40,female,London,some,https://cuties.app/profile/rosie-1730641476155x359447874586026400,109.0,8.0,13.625,3.0,2.7522935779816518,1.0,0.9174311926605505,0.0,0.0
usr_4da5e702b2,47,male,Flexible,high,https://bit.ly/asher-dateme-directory,128.0,7.0,18.285714285714285,1.0,0.78125,0.0,0.0,4.0,3.125
usr_6abed675ba,37,female,San Francisco Bay Area,none,https://docs.google.com/document/d/1Ebw4QOIZa1JcxDn50uIe6ALy0fgGwtjp0N-Drpg-jMc/edit,867.0,46.0,18.847826086956523,3.0,0.34602076124567477,0.0,0.0,1.0,0.11534025374855825
usr_e546949ddc,26,male,San Francisco Bay Area,some,https://tinyurl.com/date-charlie,635.0,42.0,15.119047619047619,5.0,0.7874015748031495,1.0,0.15748031496062992,0.0,0.0
usr_ba83e1402b,28,male,Boston Rhode Island,some,https://docs.google.com/document/d/e/2PACX-1vRSD2sRYTp_UxfiKoin-UKMTuVKDujQggmuGO1-ok7qCkEQFNwfGAGkK6-DbjkJdq4Eedahb-sSsodP/pub,535.0,33.0,16.21212121212121,3.0,0.5607476635514018,2.0,0.3738317757009346,0.0,0.0
usr_e2e23a6e0e,31,female,UK Flexible Brazil,high,https://coda.io/d/_dYTnWh111k-/CO-CEEALAR-DMD-Activity_suLS5Hov,355.0,24.0,14.791666666666666,4.0,1.1267605633802817,4.0,1.1267605633802817,12.0,3.3802816901408446
usr_8e08991398,21,male,North America,high,https://docs.google.com/document/d/1RjhX-v3FDYaWh4EMew4-1wHQEh6HA_Kpx9piGk_jw3Q/edit?usp=sharing,609.0,28.0,21.75,0.0,0.0,0.0,0.0,0.0,0.0
usr_0e7b7af163,27,male,San Francisco Bay Area,high,https://www.notion.so/Date-Kaushik-Donthi-Me-11d723154a764520a5e900daa6db6f4d?pvs=4,1833.0,43.0,42.627906976744185,5.0,0.27277686852154936,10.0,0.5455537370430987,4.0,0.2182214948172395
usr_04732cb97b,35,male,Western US Seattle Vancouver Portland WA Oregon,high,https://datefirefly.com/u/tim133,298.0,22.0,13.545454545454545,2.0,0.6711409395973155,0.0,0.0,0.0,0.0
usr_5f8a6bcd88,34,male,San Francisco Bay Area,some,https://carsonmcneil.me,874.0,47.0,18.595744680851062,1.0,0.11441647597254005,1.0,0.11441647597254005,0.0,0.0
usr_b3064cef67,29,male,San Francisco Bay Area,some,https://docs.google.com/document/d/14iR0P1MQ8DdyoUXv_3_K1aWewwf1wRXIxwWHy-GuG3Y/edit,1633.0,80.0,20.4125,2.0,0.1224739742804654,2.0,0.1224739742804654,1.0,0.0612369871402327
usr_f0b57d5086,26,male,Austin,some,https://docs.google.com/document/d/1bqFVXO6_XqcTUKSG3qqu5EaS2GeSTyzdYCkM35F4utg/edit?usp=sharing,126.0,7.0,18.0,0.0,0.0,0.0,0.0,0.0,0.0
usr_175108006f,30,male,NYC DC,some,https://fortunate-dragon-241.notion.site/Robi-Rahman-18dc6efe060a43f08163d67832f13719,838.0,38.0,22.05263157894737,0.0,0.0,1.0,0.11933174224343676,8.0,0.9546539379474941
usr_02bf46161c,33,male,Flexible Colorado,high,https://docs.google.com/document/d/1jLJ1nux4GJnu3sv22FLGo6YVoc5Q5dIOv31B38SrNEk/edit,480.0,23.0,20.869565217391305,2.0,0.4166666666666667,1.0,0.20833333333333334,0.0,0.0
usr_75b14a324e,41,male,Los Angeles,some,https://docs.google.com/document/d/14uuoE6y4RHJRTEC37ebhwx5rL4lhteU1U0vaMrqspqg/edit?usp=sharing,2126.0,101.0,21.04950495049505,6.0,0.28222013170272814,2.0,0.09407337723424271,0.0,0.0
usr_67f17eb9e6,34,male,London,none,https://docs.google.com/document/d/1aTJXDW1lIbu6M_LYl0Ca1SHEaI8Wr5Cf7BK-RtU5kgc/edit#heading=h.5nqbta3e7rwb,1040.0,78.0,13.333333333333334,2.0,0.19230769230769232,1.0,0.09615384615384616,0.0,0.0
usr_f57ea7ef5b,41,female,Israel,some,https://docs.google.com/document/d/1EWhcWT7EGIqVnXZ5c00oI5v5RON5b5v6t-a8ywKOZNQ/edit?usp=sharing,515.0,41.0,12.560975609756097,1.0,0.1941747572815534,0.0,0.0,43.0,8.349514563106796
usr_088df0aede,27,male,TX,high,https://docs.google.com/document/d/1dBEPVcXw45iOeJvo1i0GTuumLuA1zfd39Rse0JANhB0/,663.0,25.0,26.52,0.0,0.0,1.0,0.1508295625942685,0.0,0.0
usr_c5959f611c,45,female,London,some,https://docs.google.com/document/d/18wrUMScMym7xlWHGYZUNLC4WSsnZO2SsPQxE1ITXWNg/edit?usp=sharing,734.0,33.0,22.242424242424242,0.0,0.0,8.0,1.08991825613079,0.0,0.0
usr_612c0a9acf,33,male,Flexible Chicago,high,https://www.helpfindmytruelove.com,866.0,54.0,16.037037037037038,0.0,0.0,2.0,0.23094688221709006,0.0,0.0
usr_aff5b99157,28,female,Canada ON,some,https://docs.google.com/document/d/12KdpiPysFobfkmO8_YpD9hLcQ5UBrHwkZLCEMhV24eU/edit?usp=sharing,2372.0,93.0,25.50537634408602,14.0,0.5902192242833052,3.0,0.12647554806070826,1.0,0.042158516020236084
usr_84dc6a034d,30,female,London,high,https://docs.google.com/document/d/1YtjXcczVBjdxchKI1Iaja2TtpgIXLOsMhDadQrpSWtY/edit?usp=sharing,239.0,10.0,23.9,0.0,0.0,0.0,0.0,0.0,0.0
usr_f81ea6a0d9,34,male,North America Flexible,high,https://docs.google.com/document/d/1pNxfY1DYAjcCSun1Wy750q6COjZuq4w5gCz2TF988PU/pub,332.0,21.0,15.80952380952381,0.0,0.0,0.0,0.0,0.0,0.0
usr_646043becc,64,male,Los Angeles Western US,none,https://docs.google.com/document/d/12ZXv7O7ebKFh4ucfPnAWhzvcYXMETfMik8tAK0i2HM0/edit?usp=sharing,777.0,35.0,22.2,2.0,0.2574002574002574,1.0,0.1287001287001287,0.0,0.0
usr_0434dfa104,32,male,San Francisco Bay Area,some,https://docs.google.com/document/d/1yOtkkCQAsHgkIEEGhtO5A6gFG4MXoJeBDmsaLHioKjY,421.0,22.0,19.136363636363637,0.0,0.0,0.0,0.0,0.0,0.0
usr_aeebbaacd1,37,male,NYC,high,https://familycofounder.com,331.0,19.0,17.42105263157895,0.0,0.0,5.0,1.5105740181268883,0.0,0.0
usr_fb725bc901,37,female,NYC Flexible NY,some,https://docs.google.com/presentation/d/1lisz26rYwSvDBCqKcdXzY5ZoWZEumaleFkTH4I2zOd8/edit?usp=sharing,113.0,1.0,113.0,0.0,0.0,0.0,0.0,0.0,0.0
usr_fa70caacaa,40,male,DC,none,https://docs.google.com/document/d/1GbWDUDCqB2bgj_bpZZurrqPrK7-XfEB7enuSvcb2f-c/edit?usp=sharing,854.0,70.0,12.2,0.0,0.0,7.0,0.819672131147541,0.0,0.0
usr_2f8c26e8f2,29,female,North America,high,https://docs.google.com/document/d/1wL_o4vVWbarJY3T1vCeZe8_pMAwLRVVCI1VpEKu1rXA/edit?pli=1#heading=h.r1o0flxln8vj,933.0,48.0,19.4375,4.0,0.4287245444801715,2.0,0.21436227224008575,0.0,0.0
usr_2f7814b980,36,female,London,some,https://docs.google.com/document/d/1-eGxzKpBeQrQPGoLoFGs2aXAh3Vgw9Z_W-oZC9zebvM/edit?usp=sharing,1488.0,74.0,20.10810810810811,6.0,0.4032258064516129,5.0,0.33602150537634407,0.0,0.0
usr_0815a0bd72,34,male,San Francisco Bay Area NYC,some,https://yasharma.xyz/date/,124.0,8.0,15.5,1.0,0.8064516129032258,1.0,0.8064516129032258,0.0,0.0
usr_65ff9bd76e,57,male,,high,https://docs.google.com/document/d/19qH7ORZO5y62h2nSfxQ9rbi1IRXMgddhgLIQ4q_K1r8/edit?usp=sharing,696.0,44.0,15.818181818181818,0.0,0.0,0.0,0.0,0.0,0.0
usr_5a5a1b1133,29,male,San Francisco Bay Area,high,https://docs.google.com/document/d/1sA7yKTKsk_26C1mt4rkbdMfFaoHl2yQ5e7zWobtYfT0/edit?usp=sharing,1091.0,62.0,17.596774193548388,1.0,0.09165902841429881,1.0,0.09165902841429881,0.0,0.0
usr_7a4f5b5298,27,female,Berlin,some,https://docs.google.com/document/d/1BJAK7lF4M3Fmi5FoEiPxquddVKk6dYltSkhanqiZI3g/edit?usp=sharing,874.0,50.0,17.48,1.0,0.11441647597254005,1.0,0.11441647597254005,1.0,0.11441647597254005
usr_5b651e5d8a,35,female,London UK,high,https://docs.google.com/document/d/1AnIZCgIIzOEN0TbtiQ-PwwZ4-cj2BEkXJmh0U0bVcq4/edit?usp=sharing,1060.0,23.0,46.08695652173913,2.0,0.18867924528301888,1.0,0.09433962264150944,5.0,0.4716981132075472
usr_ce8d89cc9a,24,male,Central Europe,some,https://zelium.io/beat/date-me-doc/public-9sNwK65jTo25St6lNImZW,150.0,7.0,21.428571428571427,3.0,2.0,0.0,0.0,1.0,0.6666666666666667
usr_0595390b2a,33,male,San Francisco Bay Area NYC,high,https://sudden-tulip-407.notion.site/Campbell-Hutcheson-6b27424d83ef409cb4610fc31b2cc3df?pvs=4,581.0,52.0,11.173076923076923,2.0,0.34423407917383825,2.0,0.34423407917383825,0.0,0.0
usr_0ad3cadb21,32,fnb,San Francisco Bay Area Berkeley,some,http://go.boba.monster/datingdoc,1307.0,58.0,22.53448275862069,23.0,1.7597551644988525,0.0,0.0,39.0,2.9839326702371842
usr_b7dffef9dd,39,male,Western US Los Angeles,high,https://docs.google.com/document/d/1Rt_Xeg_KZ-HjCjzCMB9Y2vxkJ3bKFc8cb0NEbsf2lCE/edit?usp=sharing,1138.0,51.0,22.313725490196077,2.0,0.17574692442882248,1.0,0.08787346221441124,0.0,0.0
usr_e2c15ff14e,27,female,Boston,high,https://docs.google.com/document/d/e/2PACX-1vTvyvCoY21XczXDa5VPwghRsKJQU1J8JAc9SPwmdTafmzUjKcf02w7db_on2ysUK47atmiiR-WFRPpQ/pub,504.0,12.0,42.0,2.0,0.3968253968253968,0.0,0.0,0.0,0.0
usr_1b22b88b8c,27,male,NYC,none,https://docs.google.com/document/d/1sJDziNgjcphwIewr0gIukRnlQt031nhsrMpSY1ymszs/edit,461.0,28.0,16.464285714285715,5.0,1.0845986984815619,1.0,0.21691973969631237,0.0,0.0
usr_ec181fb208,28,female,London Berlin Central Europe,high,https://www.bit.ly/date-me-doctor,1024.0,76.0,13.473684210526315,3.0,0.29296875,6.0,0.5859375,6.0,0.5859375
usr_8e01aabd7b,35,female,UK Central Europe Asia,high,https://docs.google.com/document/d/1ypwx3c2GXYD6rFHFOtlLploKt79fJOSO/edit?userstoinvite=santiagotovar@gmail.com&sharingaction=manageaccess&role=writer,1173.0,55.0,21.327272727272728,2.0,0.17050298380221654,3.0,0.2557544757033248,0.0,0.0
usr_3861e7bb44,37,male,NYC,some,https://hjaltman.github.io/dmd/,1004.0,58.0,17.310344827586206,16.0,1.593625498007968,8.0,0.796812749003984,4.0,0.398406374501992
usr_2a6d2a2d9e,47,male,London UK,high,https://docs.google.com/document/d/1B_APEf4D-aLDMEFNJqHOF7f-c1AzBPlBbQ3CNpuTH5w/edit?usp=sharing,642.0,41.0,15.658536585365853,8.0,1.2461059190031152,9.0,1.4018691588785046,15.0,2.336448598130841
usr_0ddd44ddab,44,male,NYC London UK Berlin Vancouver NY Central Europe Brazil Dubai South of France North America Asia Vancouver Island Ribeirão Bonito,high,https://telegra.ph/Heres-looking-at-me-05-17,583.0,23.0,25.347826086956523,0.0,0.0,1.0,0.17152658662092624,0.0,0.0
usr_f31f1ef82d,34,male,San Francisco Bay Area,high,https://docs.google.com/document/d/15kGgI0GZaop9M5xgJeBVSfL5AD-n9-aLwzysPmQOe6M/edit?usp=sharing,524.0,29.0,18.06896551724138,4.0,0.7633587786259541,1.0,0.19083969465648853,0.0,0.0
usr_b0cbb72cba,48,male,London UK Cambridge,high,https://docs.google.com/document/d/1LmlltayD-NzyRA8UG4TbabQeYlsuXQSdLYUFYJGgH4Q/edit?usp=sharing,1032.0,59.0,17.491525423728813,6.0,0.5813953488372093,2.0,0.1937984496124031,0.0,0.0
usr_f8264ce8ea,42,male,Miami,high,https://docs.google.com/document/d/1ev2-TAYxUJ_z8tehR_3eWKc9ad1WQ1jlXTacQ7abHNU/edit?usp=sharing,271.0,26.0,10.423076923076923,1.0,0.36900369003690037,0.0,0.0,1.0,0.36900369003690037
usr_388e4d83da,33,fnb,DC,some,https://bit.ly/dateDomo,378.0,25.0,15.12,1.0,0.26455026455026454,1.0,0.26455026455026454,1.0,0.26455026455026454
usr_f753263e7c,35,female,London UK,some,https://docs.google.com/document/d/1S8YvZRBXRGc0dT_n760C-k_ZH3xLAbYiYKg97Js5siY/edit?usp=sharing,1203.0,82.0,14.670731707317072,0.0,0.0,1.0,0.0831255195344971,0.0,0.0
usr_75f2661435,30,mnb,San Francisco Bay Area,some,https://docs.google.com/document/d/1hW2x81sWebliNzLn6v6hn47EWO5EwlioAL44S6rDKzw/edit?usp=sharing,4806.0,279.0,17.225806451612904,19.0,0.39533915938410324,41.0,0.8531002913025385,12.0,0.24968789013732834
usr_ad51f6fcde,32,male,Colorado,some,https://docs.google.com/document/d/1bcTBIId1JgFzJV1SFrG3KOokmzsoHVWAPwtiyxfuHbw/edit?usp=sharing,1206.0,62.0,19.451612903225808,4.0,0.33167495854063017,6.0,0.4975124378109453,0.0,0.0
usr_62a591d357,30,male,UK,some,https://docs.google.com/document/d/e/2PACX-1vR7BeOicJ-nyxjSVGE8RszDDtU3lt7XC3zfkJSVhn_ANVtN21zrhFT2MbUuI7o4C5N40MdMlhTitfOG/pub,687.0,37.0,18.56756756756757,3.0,0.43668122270742354,7.0,1.0189228529839884,0.0,0.0
usr_a5a2e6db18,31,male,Central Europe,none,https://jerid616.notion.site/Date-Me-8a31b572fca1472eadd0a0493a4c597d,811.0,33.0,24.575757575757574,1.0,0.12330456226880394,4.0,0.4932182490752158,22.0,2.7127003699136867
usr_043cba3ae0,38,male,NYC,high,https://glimmer-cod-b43.notion.site/Date-Me-Jonathan-B-d08452adae1e46b49b6e075553c37015,1574.0,86.0,18.302325581395348,10.0,0.6353240152477764,9.0,0.5717916137229987,5.0,0.3176620076238882
usr_7bae480261,34,male,San Francisco Bay Area,some,https://docs.google.com/document/d/1Ysdeo2JUQCZMAlgMCeqQcXc_5d9I6Bas49C2etq3w0M/edit,1046.0,69.0,15.159420289855072,4.0,0.3824091778202677,11.0,1.0516252390057361,2.0,0.19120458891013384
usr_a554d0a027,30,male,Rhode Island,high,https://docs.google.com/document/d/1T2DUYNE1EOtETChKRcKKV0qZ8BGc8Ysu4StbUdS4OoE/edit?usp=sharing,1258.0,66.0,19.060606060606062,22.0,1.7488076311605723,13.0,1.0333863275039745,0.0,0.0
usr_c171b85fd5,35,female,Asia,some,https://docs.google.com/document/d/1uEgqSPO19QYLLJDGoGp-0tpAPFxygRSYIvO68F-JGuE/edit?usp=sharing,3118.0,122.0,25.557377049180328,3.0,0.09621552277100706,5.0,0.1603592046183451,3.0,0.09621552277100706
usr_0cf7f3e282,41,male,San Francisco Bay Area,high,https://docs.google.com/document/d/19ueweKL-jVR3sUrN3zV6LrxhPaIq-RtAprID2G5GHzM/edit?usp=sharing,259.0,14.0,18.5,0.0,0.0,0.0,0.0,0.0,0.0
usr_5048f38377,38,male,NYC,high,https://docs.google.com/document/d/1qqXzOVMH-eG-jy25BCRV6yLmPweTbSbZtOBKbqdb_Ew,1059.0,58.0,18.25862068965517,1.0,0.09442870632672333,1.0,0.09442870632672333,0.0,0.0
usr_087fbc195a,38,female,Flexible,high,https://docs.google.com/document/d/1C4LL6r5rQ0T6ocpVZQFUirKq4EhjpRygGk3IfkeEOU0/edit?usp=sharing,1621.0,97.0,16.711340206185568,4.0,0.24676125848241826,2.0,0.12338062924120913,0.0,0.0
usr_338869b614,37,female,Chicago,high,https://docs.google.com/document/d/1z0vLBhK5Ry_6GW8R_hYppNEmYaMFb-A_fJTwU8wL1WQ/edit?usp=sharing,216.0,13.0,16.615384615384617,0.0,0.0,0.0,0.0,1.0,0.4629629629629629
usr_7c05cf7f82,23,male,Chicago,some,https://docs.google.com/document/d/19MMD7PfiN3ArL__1vuI7Xuv23IF8YHa46QHzCzAtJ4U/edit?usp=drivesdk,733.0,46.0,15.934782608695652,10.0,1.364256480218281,1.0,0.1364256480218281,0.0,0.0
usr_dab34ae3eb,32,male,DC Philadelphia,some,https://docs.google.com/document/d/e/2PACX-1vQE2wIoSC4_RPXdHeQauQtVbh-LHH_Hrdl6XjdbD5qSu4ENQnQ9DTfqBrmvmG-lnAnuudXC2KlGRyY4/pub,1870.0,72.0,25.97222222222222,21.0,1.1229946524064172,5.0,0.267379679144385,17.0,0.9090909090909091
usr_91520afa39,31,male,London Oxford San Francisco Bay Area Amsterdam Berlin,some,https://www.notion.so/Sebastian-as-a-romantic-partner-5ad229607f724cb28decc525cd450da7?pvs=4,2316.0,121.0,19.140495867768596,5.0,0.2158894645941278,0.0,0.0,13.0,0.5613126079447324
usr_472fe7a708,35,female,Los Angeles Chicago,some,https://docs.google.com/document/d/1EUMKTGa_i4HHxwRRAiV2jTm5LFk-XVRO0vh-KfvEkZQ/edit?usp=sharing,1020.0,32.0,31.875,2.0,0.19607843137254902,3.0,0.29411764705882354,0.0,0.0
usr_eeb1bca3df,26,female,San Francisco Bay Area,some,https://bevel-atmosphere-4cc.notion.site/Ne-ssa-s-Date-Me-Doc-6f62593734914c5b9b57d482070205e9,728.0,34.0,21.41176470588235,0.0,0.0,1.0,0.13736263736263737,8.0,1.098901098901099
usr_720699db56,31,female,London Flexible Asia,some,https://www.notion.so/Sophie-s-Date-Me-doc-e372195429af4f5483c0142fd46cd660?pvs=4,358.0,21.0,17.047619047619047,1.0,0.27932960893854747,0.0,0.0,3.0,0.8379888268156425
usr_48faf2fb83,28,male,Los Angeles,unknown,https://docs.google.com/document/d/1Mvv5UYoXks9wakxTM0cThbdO4iOGYQvOM5Tv99aIZU0/edit?usp=drivesdk,776.0,38.0,20.42105263157895,3.0,0.3865979381443299,0.0,0.0,0.0,0.0
usr_5404818004,49,male,San Francisco Bay Area,unknown,https://docs.google.com/document/d/1M4v_ITYXc_DDE3rd4ks2HW8mPw0vTyrsJIhagJ9qGs4/edit,246.0,13.0,18.923076923076923,1.0,0.40650406504065045,0.0,0.0,0.0,0.0
usr_e6786b8495,31,male,Berlin,some,https://docs.google.com/document/d/1b0A3M-fxANnOtrFygY5nkD4sR5Q--Tj5JvSale3uayc/edit?usp=sharing,511.0,34.0,15.029411764705882,2.0,0.3913894324853229,0.0,0.0,0.0,0.0
usr_f93929ccfe,35,male,Brighton London UK,some,https://docs.google.com/document/d/1Z5oTK-ZkbVL6UFxW0o7bEfjhmtJDfEDZvmWQjUrqLlE/edit?usp=sharing,1393.0,96.0,14.510416666666666,6.0,0.4307250538406317,9.0,0.6460875807609476,0.0,0.0
usr_83dfcfab4f,45,male,North America,some,https://docs.google.com/document/d/16ZOWPNPvzmW01L-F4fXPAJKIwIYPa3VTOMMMjtAgqj0/edit?usp=sharing,448.0,48.0,9.333333333333334,1.0,0.2232142857142857,4.0,0.8928571428571428,0.0,0.0
usr_2a41c33405,42,female,San Francisco Bay Area,none,https://docs.google.com/document/d/1K2ZfmnB1TJlldOrVdWzPTPSJUuyqJmEXMOb8iOAoGNg/edit,615.0,35.0,17.571428571428573,10.0,1.6260162601626018,4.0,0.6504065040650406,3.0,0.4878048780487805
usr_e85937d6f1,33,male,North America,high,https://docs.google.com/document/d/16TVAZA61bwCNN3iEcnAGlMST8VGukAwmL8OczHXpSNU/edit?usp=share_link,441.0,20.0,22.05,2.0,0.45351473922902497,0.0,0.0,0.0,0.0
usr_6d33a4613e,36,female,Boston,none,https://bit.ly/carlyqueste,554.0,27.0,20.51851851851852,3.0,0.5415162454873645,0.0,0.0,12.0,2.166064981949458
usr_73fb709f6f,33,male,San Francisco Bay Area,some,https://www.dropbox.com/scl/fi/poc3e40guids8rxtl791k/Abeer-s-dating-profile.paper?rlkey=iiflqfzrkal4jmg9hlsef1slu&dl=0,359.0,18.0,19.944444444444443,5.0,1.392757660167131,3.0,0.8356545961002786,1.0,0.2785515320334262
usr_e77eb2eb7d,22,male,UK,some,https://docs.google.com/document/d/13fUpSXx4ULOWXcceVY41cN91irWlNjzuDI-FnSNpXMY/edit?usp=sharing,1436.0,85.0,16.894117647058824,10.0,0.6963788300835655,0.0,0.0,0.0,0.0
usr_8b8fa88e38,30,male,San Francisco Bay Area,high,https://docs.google.com/document/d/1Cuyr3LHGmxmyxO8cdiwPHnHPbpv1pJ2Rjbr2ZMbjpyg/edit?usp=sharing,4372.0,239.0,18.292887029288703,25.0,0.5718206770356816,29.0,0.6633119853613907,8.0,0.18298261665141813
usr_afcc6e0593,31,male,,none,https://docs.google.com/document/d/1eqUqfyemDpHs6_LG_gIdhfxw4vieJZlBequkAb4kAtI/edit,944.0,42.0,22.476190476190474,5.0,0.5296610169491525,0.0,0.0,5.0,0.5296610169491525
usr_f6f09aa842,28,male,NYC,none,https://willium.com/dating/,2151.0,133.0,16.172932330827066,0.0,0.0,2.0,0.09298000929800093,0.0,0.0
usr_eca6230bc7,23,female,Central Europe,some,https://docs.google.com/document/d/1GIsdECC1edddk997Q7NVkuXFhPy_zzaVkOVz8QCXwFw/edit?usp=sharing,979.0,47.0,20.829787234042552,2.0,0.20429009193054137,2.0,0.20429009193054137,0.0,0.0
usr_455248a8c2,31,female,Seoul,high,https://docs.google.com/document/d/1OH6P-jwb_5d6HKDaTbfTylHuMygzfbCn8dkbff_96JM/edit?usp=sharing,1890.0,235.0,8.042553191489361,1.0,0.052910052910052914,2.0,0.10582010582010583,0.0,0.0
usr_cb1f4df9ab,40,female,,high,https://docs.google.com/document/d/1ObnbamUL2F9ScdHaiFNSezOPNrshoG7hVwOiAyALBVg/edit,473.0,20.0,23.65,0.0,0.0,0.0,0.0,0.0,0.0
usr_9114a08dc7,40,female,London,some,https://sites.google.com/view/a-date-me-doc-yay-k,1870.0,86.0,21.74418604651163,20.0,1.06951871657754,13.0,0.6951871657754011,7.0,0.37433155080213903
usr_ff0b88a130,40,male,Amsterdam,high,https://docs.google.com/document/d/1zS8PGcuXCCjMfwpj2XHRKxP--66ZWLASnp8jyfCV9j8/edit,1745.0,68.0,25.66176470588235,5.0,0.28653295128939826,2.0,0.1146131805157593,0.0,0.0
usr_8cff506150,44,female,,unknown,https://docs.google.com/spreadsheets/d/12FQ2CxURoc6llLwDDIJC24bzKNte5TFmVb25hoQ9Dco/edit#gid=0,231.0,7.0,33.0,0.0,0.0,0.0,0.0,1.0,0.4329004329004329
usr_9125241386,24,female,Asia,some,https://docs.google.com/document/d/11dYCqz51waI9YO-sJSaJNNxpzWIhM_I94oQrnYQPw8k/edit,1135.0,66.0,17.196969696969695,3.0,0.2643171806167401,4.0,0.3524229074889868,4.0,0.3524229074889868
usr_edae9f254b,36,male,London,some,https://docs.google.com/document/d/e/2PACX-1vSCmniAJWJ9fn12C7esuyvXcT2YeoDf0WpzfdIlRG57OElwwR4v0WH5HwKwIXmo1rM1APsvWjy9pU3w/pub,566.0,28.0,20.214285714285715,1.0,0.17667844522968199,1.0,0.17667844522968199,0.0,0.0
usr_3386c9dc77,44,female,,high,https://docs.google.com/spreadsheets/d/12FQ2CxURoc6llLwDDIJC24bzKNte5TFmVb25hoQ9Dco/edit,231.0,7.0,33.0,0.0,0.0,0.0,0.0,1.0,0.4329004329004329
usr_210314bef7,41,female,Seattle WA Flexible,high,https://docs.google.com/document/d/1wlna27-9Zv9gBtcNXshhoG6ktGFDu9oAzJWk-ixnB6k/edit?usp=sharing,2706.0,135.0,20.044444444444444,3.0,0.11086474501108648,0.0,0.0,4.0,0.14781966001478197
usr_6c237e0590,38,nbm,NYC San Francisco Bay Area DC,high,https://docs.google.com/document/d/1uk2uQohqeyhzqbZuwwVW_Zvt5ZrxUhK4Vll2G9Y_dyk,548.0,17.0,32.23529411764706,0.0,0.0,0.0,0.0,0.0,0.0
usr_c4f7451f7e,32,male,San Francisco Bay Area,some,https://docs.google.com/document/d/1fWKyviB8EKK1ZuvljRd_Qrf8ofZLODU_b_fVUYFyeu8/edit?usp=sharing,431.0,25.0,17.24,0.0,0.0,1.0,0.23201856148491878,0.0,0.0
usr_0ea1d233e4,25,female,WI,high,https://docs.google.com/document/d/1mo5Ew70YJzDqSjOpnGwzxjLId0VnQ6aUiOY8WMEvCtw/edit?usp=sharing,775.0,59.0,13.135593220338983,2.0,0.25806451612903225,2.0,0.25806451612903225,2.0,0.25806451612903225
usr_a4ecbea0a1,31,female,North America Flexible,high,https://docs.google.com/document/d/19t5tvKBGlCkYMdHXgo_CYfOVDiDRgWOZk4JoqJDXhyo/edit?usp=sharing,957.0,16.0,59.8125,6.0,0.6269592476489028,2.0,0.20898641588296762,0.0,0.0
usr_7a86b09354,32,female,,unknown,https://docs.google.com/document/d/19di1il6JNhLrMfigEWh2ETVS-X8eh9nuxJKrXRtplbw/edit?usp=drivesdk,102.0,6.0,17.0,0.0,0.0,0.0,0.0,8.0,7.8431372549019605
usr_145d4094eb,49,male,San Francisco Bay Area,some,https://docs.google.com/document/d/1M4v_ITYXc_DDE3rd4ks2HW8mPw0vTyrsJIhagJ9qGs4/edit?usp=sharing,246.0,13.0,18.923076923076923,1.0,0.40650406504065045,0.0,0.0,0.0,0.0
usr_4cabf006ea,46,female,Central Europe London Amsterdam South of France,some,https://docs.google.com/document/d/1fVjSGj5ifKnY9f93tE-udfpEpzJwh9qfZVf-SunwXwI/edit?usp=sharing,372.0,20.0,18.6,0.0,0.0,0.0,0.0,0.0,0.0
usr_002801e2b5,28,female,Central Europe,high,https://docs.google.com/document/d/1-KRk4poMoEDRc1M38ClcPj_CugqJCzc9DSttqS7gtsY/edit,379.0,8.0,47.375,2.0,0.5277044854881267,0.0,0.0,13.0,3.430079155672823
usr_92a91ee01b,41,female,Central Europe,high,https://docs.google.com/document/d/1gvnSW6Ih5e7kRrFYITEvBm9OvVmV7uuiiPiAp9Eu684/edit?usp=drivesdk,679.0,42.0,16.166666666666668,3.0,0.4418262150220913,2.0,0.29455081001472755,32.0,4.712812960235641
usr_096c1fc308,40,female,Los Angeles,some,https://docs.google.com/document/d/1BjgKq8IzLLp3b8_iEbRDxNspzAmMLbnw81lx4AtWfRo/edit?usp=sharing,136.0,11.0,12.363636363636363,4.0,2.941176470588235,0.0,0.0,1.0,0.7352941176470588
usr_8f91ad41be,18,female,,none,https://docs.google.com/document/d/12fOKKJF-_SFTaK3Ih3C5tevPAB1Y_TgXasJzyzgPRQI/edit,224.0,13.0,17.23076923076923,2.0,0.8928571428571428,0.0,0.0,0.0,0.0
usr_772c480194,40,female,UK,high,https://docs.google.com/document/d/1-0vBUB5AMpG97xDJpQswVd6bwPPcotcKsky75vNlqX0/edit,295.0,9.0,32.77777777777778,0.0,0.0,1.0,0.3389830508474576,3.0,1.0169491525423728
usr_a3452c4d95,32,male,San Francisco Bay Area,none,https://docs.google.com/document/d/17PFkyQagNHoHSri7HoRnDblzCFR4AcxbqSzZw-xFidI/edit?usp=sharing,572.0,24.0,23.833333333333332,0.0,0.0,0.0,0.0,0.0,0.0
usr_a316ad1ed3,23,male,Madison,some,https://bolder-throat-20d.notion.site/Planting-Seeds-8ede85b1c0d445d0916e9810c2fb7a2b?pvs=4,286.0,13.0,22.0,2.0,0.6993006993006993,1.0,0.34965034965034963,3.0,1.048951048951049
usr_f6e0013eab,31,male,San Francisco Bay Area,none,https://docs.google.com/document/d/e/2PACX-1vStsQSRoGDtyuGkXTp6IBqPR3zDmjn2LPwVnlEsbhv8GblE-O8VWVi6dkyRqmdGrtHenD_QgyngJRnF/pub,720.0,48.0,15.0,7.0,0.9722222222222222,5.0,0.6944444444444444,3.0,0.4166666666666667
usr_c0b3a89595,33,male,NYC,some,https://docs.google.com/document/d/e/2PACX-1vRToz8mDWt_Q2iRR_Mnl5O_1iEJZQ23N-OQ9IsPlvMEqe_wWWHhbkQHQqbmnQiQisdysJYOp4R1Wx60/pub,368.0,31.0,11.870967741935484,1.0,0.2717391304347826,0.0,0.0,0.0,0.0
usr_527d3d9c91,34,male,Chicago WI,high,https://docs.google.com/document/d/1-8qJaUrAqhCWhG8qlQanwLbps44AHJVA8XkOPq-Cdog/edit,579.0,31.0,18.677419354838708,0.0,0.0,2.0,0.3454231433506045,0.0,0.0
usr_66fbc11cf7,37,female,San Francisco Bay Area Seattle Boston Western US,high,https://docs.google.com/document/d/1CcrZGNL3QAC0l4omyBtfKvPdndcWmNK7IzU4nSAdb4s/edit?usp=sharing,720.0,35.0,20.571428571428573,4.0,0.5555555555555556,1.0,0.1388888888888889,1.0,0.1388888888888889
usr_c77d61e581,39,nonbinary,,unknown,https://astralcodexten.substack.com/p/classifieds-thread-62022/comment/6916100,393.0,16.0,24.5625,0.0,0.0,1.0,0.2544529262086514,0.0,0.0
usr_9c7bd4050f,22,male,San Francisco Bay Area,high,https://docs.google.com/document/d/1qj9IBYWH_9VUegMIND34pSWVDUhoz4DlCO1WnFFGaMY/edit?usp=sharing,585.0,36.0,16.25,4.0,0.6837606837606838,0.0,0.0,0.0,0.0
usr_5675b58976,38,female,Austin,high,https://docs.google.com/document/d/1JmEVXmZFnt02-wo0ENi0ux4VLmqxQ_3-t7i5azKolrg/edit?usp=sharing,609.0,33.0,18.454545454545453,0.0,0.0,0.0,0.0,0.0,0.0
usr_a685339a27,33,male,NYC,none,https://docs.google.com/document/d/15hOcTE5xJSNRAF2_nm8oYmIpU1bpr5VMUgqyhHJDdWk/edit,662.0,30.0,22.066666666666666,5.0,0.7552870090634441,3.0,0.4531722054380665,0.0,0.0
usr_169fe68959,22,male,NJ,some,https://www.dropbox.com/scl/fi/gfwlovmellrmicjddxnib/Max.paper?rlkey=rmfepdkhm2128uqhel41mmljh&dl=0,2286.0,57.0,40.10526315789474,8.0,0.3499562554680665,7.0,0.30621172353455817,2.0,0.08748906386701663
usr_3471ae2b14,33,female,,some,https://docs.google.com/document/d/1ZeHSlG1rAgeQgezJ5hQWL9ibfwviQjNL1TYm6FrZ9H4/edit,314.0,16.0,19.625,3.0,0.9554140127388535,0.0,0.0,0.0,0.0
usr_076c084131,32,male,Southern US TX,high,https://www.ujwalvelagapudi.com/date-ujwal/,780.0,38.0,20.526315789473685,9.0,1.153846153846154,0.0,0.0,1.0,0.1282051282051282
usr_75f07f3e1a,27,male,San Francisco Bay Area,some,https://docs.google.com/document/d/1cuv2ZY4D0QdQ2ndAbxO-K7xQT2z6Njv3MbPg3dhhlc8/edit?usp=sharing,1412.0,72.0,19.61111111111111,4.0,0.28328611898017,0.0,0.0,0.0,0.0
usr_6220c53bd4,27,male,NYC Portland London Seattle Vancouver Somerville Central Europe Boston Cambridge DC MA,some,https://docs.google.com/document/d/1Jq2B5oBKk-XU4bmYb3gzo7NcrB3wPQKJZIvugf2VvZ4/edit?usp=sharing,989.0,60.0,16.483333333333334,14.0,1.4155712841253791,4.0,0.40444893832153694,2.0,0.20222446916076847
usr_df563a8c21,34,male,Los Angeles,high,https://docs.google.com/document/d/1X5_DZ4gothP24VBRaIaXyJJpiKdwoPZZDqYPUCS6q0U/edit?usp=sharing,135.0,9.0,15.0,0.0,0.0,0.0,0.0,0.0,0.0
usr_8d798f2ac8,64,female,PA,high,https://second-capricorn-6c0.notion.site/Nancy-fb6ce581497a40e983fd353185d151fb?pvs=4,117.0,4.0,29.25,0.0,0.0,0.0,0.0,2.0,1.7094017094017095
usr_36af460751,24,male,Los Angeles Dubai,high,https://www.notion.so/anmolnetwork/Who-is-Furqan-7759f82564184a4b9d6b9966440d1fbe,497.0,27.0,18.40740740740741,9.0,1.8108651911468814,4.0,0.8048289738430584,7.0,1.4084507042253522
usr_870452fa93,32,male,San Francisco Bay Area NYC NY Western US Berkeley,high,https://www.dropbox.com/scl/fi/poc3e40guids8rxtl791k/Abeers-dating-profile.paper?rlkey=iiflqfzrkal4jmg9hlsef1slu&dl=0,359.0,18.0,19.944444444444443,5.0,1.392757660167131,3.0,0.8356545961002786,1.0,0.2785515320334262
usr_ca9dfe4c14,22,female,UK,high,https://docs.google.com/document/d/e/2PACX-1vQ2M7E0XR77qX9sE4MV31C9YEgEboWB6G1YBX9k26sPo3w-DE56myCWg0AIHZV5VqqQfjfC3mubn07N/pub,910.0,34.0,26.764705882352942,2.0,0.21978021978021978,1.0,0.10989010989010989,0.0,0.0
usr_bacc2418a5,32,male,San Francisco Bay Area,some,https://awlego.com/dateme,107.0,1.0,107.0,0.0,0.0,0.0,0.0,0.0,0.0
usr_ba9d8d1b92,24,male,Central Europe,some,https://docs.google.com/document/d/1kQgNZ7ikgKAxyxbsLSC2bBhXQgxv6Em340-ht5R5sjo/edit?usp=sharing,142.0,7.0,20.285714285714285,0.0,0.0,0.0,0.0,0.0,0.0
usr_8ab426951e,35,female,Central Europe,high,https://martakrzeminska.notion.site/Date-Me-17435416720c439b8d6725d690808f55?pvs=4,2033.0,146.0,13.924657534246576,14.0,0.6886374815543532,10.0,0.49188391539596654,22.0,1.0821446138711266
usr_52bf981f18,34,male,London,some,https://docs.google.com/document/d/1vhHtWBS-tS0bYamYxqr8KJNo6gxjE_0Kbzd6SsVt9ws/edit?usp=sharing,3862.0,242.0,15.958677685950413,12.0,0.31071983428275507,25.0,0.647332988089073,0.0,0.0
usr_80c22d2507,31,male,DC,high,https://docs.google.com/document/d/1uU_iDs-dut3kl2Dqm4oUDvU0CksCIMUU_JK2-vC1O4g/edit?usp=sharing,856.0,37.0,23.135135135135137,4.0,0.46728971962616817,0.0,0.0,0.0,0.0
usr_df98b38087,36,female,San Francisco Bay Area Los Angeles,high,https://docs.google.com/document/d/1TX_G53_4A7crpWMyrg5nQQ1IzEWa09p9F3l_3K4Ps50/edit,310.0,28.0,11.071428571428571,10.0,3.225806451612903,6.0,1.935483870967742,0.0,0.0
usr_b1185a9599,26,male,San Francisco Bay Area NYC,some,https://www.notion.so/Kaushik-Donthi-11d723154a764520a5e900daa6db6f4d#8b65a4bdce3f4dbaa441f8848aab0c74,1833.0,43.0,42.627906976744185,5.0,0.27277686852154936,10.0,0.5455537370430987,4.0,0.2182214948172395
usr_f40be05c5f,32,male,San Francisco Bay Area,some,https://docs.google.com/document/d/1YWUBkeC5FN0Tl3zshKT8RW6XQTIV2ErSFz3nbvmi34E/edit?usp=sharing,707.0,47.0,15.042553191489361,0.0,0.0,2.0,0.2828854314002829,0.0,0.0
usr_321cbee0ad,37,female,San Francisco Bay Area,some,https://docs.google.com/document/d/1igC_QUb0V9YtSTQ0rILlI_UID57iSAXXySk8zfZnMG8/,1024.0,35.0,29.257142857142856,3.0,0.29296875,0.0,0.0,2.0,0.1953125
usr_90a20138cd,36,female,NYC,none,https://docs.google.com/document/d/1-bJjj83ll0MJel8Lupw79TpE2otwT9wm7GPnQtDYoNs/edit,796.0,41.0,19.414634146341463,13.0,1.6331658291457287,2.0,0.25125628140703515,3.0,0.37688442211055273
usr_3b7ae0f59b,43,male,NYC,some,https://sites.google.com/view/datepaul,159.0,4.0,39.75,0.0,0.0,2.0,1.257861635220126,0.0,0.0
usr_2cf51205d0,25,male,Seattle,some,https://docs.google.com/document/d/1QVDnzSnFWgeuDT4IGLRd6_WFZMFJoI5YSTU5FzFK4uY/edit?usp=sharing,435.0,22.0,19.772727272727273,2.0,0.45977011494252873,0.0,0.0,0.0,0.0
usr_564edb5079,30,male,Seattle,some,https://docs.google.com/document/d/1cWomR0lIAGuX3drxmHODo-zclfd2rWHIFlodfv2w6yI/edit,862.0,37.0,23.2972972972973,3.0,0.34802784222737815,1.0,0.11600928074245939,0.0,0.0
usr_c4a83cbbdf,31,male,San Francisco Bay Area,some,https://docs.google.com/document/d/1dIqZm80FXnhPscSQ0iTmLiY6UwTrfrV82HUBmlRC9Pw,2540.0,119.0,21.34453781512605,4.0,0.15748031496062992,3.0,0.11811023622047244,0.0,0.0
usr_657eb75a0a,27,male,Brighton,some,https://docs.google.com/document/d/1OwPGp1jH2_t1uWLBC798QmrsXC0rGcCrRE_iFab-fsw/edit,1069.0,49.0,21.816326530612244,6.0,0.5612722170252572,5.0,0.4677268475210477,0.0,0.0
usr_6604a51053,24,male,Oregon,high,https://www.notion.so/Mahir-ec780fc3880e4a149a4969ad9137705c?pvs=4,790.0,26.0,30.384615384615383,7.0,0.8860759493670887,0.0,0.0,17.0,2.151898734177215
usr_370e9dbeca,24,female,Oregon,high,https://docs.google.com/document/d/1BRn18Mz0J4i8z_Q0exFswE8H-lBGYph7gJJJAX8ZNhY/edit,746.0,29.0,25.724137931034484,0.0,0.0,1.0,0.13404825737265416,0.0,0.0
usr_f524dc772d,40,male,,some,https://docs.google.com/document/d/1M_I0IhJt4Avz1XtfVLbvqYUPu9VMwi2ITqoef9t77LA/edit?usp=sharing,298.0,23.0,12.956521739130435,0.0,0.0,0.0,0.0,0.0,0.0
usr_655f1ed2c4,42,female,Ladysmith BC,unknown,https://astralcodexten.substack.com/p/classifieds-thread-62022/comment/6967400,365.0,10.0,36.5,2.0,0.547945205479452,0.0,0.0,0.0,0.0
usr_60221ab882,31,female,NYC Flexible,high,https://docs.google.com/document/d/1rDAJnsjAZ_ObDQbejbz1skr7erF3fY5CwMRyrpbW5lk/edit#heading=h.tx0lbqygrokp,1128.0,34.0,33.1764705882353,7.0,0.6205673758865249,2.0,0.1773049645390071,0.0,0.0
usr_5d19c07e30,25,male,Asia,some,https://docs.google.com/document/d/1MrZHKrwRYcgL1Yy8BWReS8WdpPwwKN6T_fnw1Oo72cg/edit#heading=h.subzs32xmvqx,234.0,2.0,117.0,0.0,0.0,0.0,0.0,0.0,0.0
usr_4fc014d179,29,male,UK,none,https://docs.google.com/document/d/1VOHll5z_gTPaqQgOcoXTeDdYVL0AxL5-UEjXLupkggU/edit?usp=sharing,605.0,36.0,16.805555555555557,8.0,1.322314049586777,1.0,0.1652892561983471,0.0,0.0
usr_da31a54b44,31,male,NYC NJ,none,https://sneaky-pull-671.notion.site/Date-Me-Laurence-647c3bfdc34240418822cfe333077927?pvs=4,307.0,10.0,30.7,1.0,0.32573289902280134,6.0,1.9543973941368076,24.0,7.81758957654723
usr_91f5407cf3,24,female,San Francisco Bay Area NYC,some,https://ritzy-aura-6c9.notion.site/Cher-s-Date-me-doc-5ae9cbebd5c64804a0f91675ae2cbc3d?pvs=4,168.0,5.0,33.6,0.0,0.0,0.0,0.0,1.0,0.5952380952380952
usr_91a4ee8192,25,male,DC Philadelphia,some,https://jakegloudemans.notion.site/Jake-Gloudemans-Dating-Doc-cedc3162e02a498384749c8fd699569a,929.0,36.0,25.805555555555557,16.0,1.7222820236813776,0.0,0.0,0.0,0.0
usr_77683bbfb9,33,male,Brighton London,some,https://rentry.co/date-me-doc-guy,415.0,26.0,15.961538461538462,0.0,0.0,4.0,0.9638554216867471,0.0,0.0
usr_2d35fdfcae,39,male,Boston MA,some,http://dating.benorenstein.com,1094.0,71.0,15.408450704225352,7.0,0.6398537477148081,1.0,0.09140767824497258,1.0,0.09140767824497258
usr_b4914ffd72,32,male,San Francisco Bay Area,some,https://docs.google.com/document/d/1ZxqfqPzcQEfjZEUzpRuK-24-JCc_vAyt9HiATEPtgIs/edit?usp=sharing,1359.0,71.0,19.140845070422536,2.0,0.14716703458425312,1.0,0.07358351729212656,0.0,0.0
usr_e095117d98,37,male,NYC San Francisco Bay Area,some,https://docs.google.com/document/d/1B8gbrMt_TWuvV2AX_OftOsTtBiTrJDjqEoeD_U7uhAk/edit,280.0,21.0,13.333333333333334,0.0,0.0,0.0,0.0,7.0,2.5
usr_e10455e54d,44,male,Austin,some,https://docs.google.com/document/d/18BLoeWMamiendUbVm5WOf8OUowNdV_166JGw8ItEQl0/edit?usp=sharing,1624.0,108.0,15.037037037037036,13.0,0.8004926108374385,4.0,0.24630541871921183,26.0,1.600985221674877
usr_b388085011,38,male,Southern US,high,https://docs.google.com/document/d/10MOtM76sLs4sKZVcMW4iprtJXMJpKQ7crTobCVn8EjM/edit?usp=sharing,512.0,22.0,23.272727272727273,4.0,0.78125,0.0,0.0,1.0,0.1953125
usr_174539e3d3,24,male,Philadelphia Flexible,high,https://docs.google.com/document/d/1QAoA64PWoXq5E04hXOiDYvlwFPoIHn6MVWv27r0xErc/edit?usp=sharing,1142.0,36.0,31.72222222222222,10.0,0.8756567425569177,0.0,0.0,0.0,0.0
usr_2d1d90850d,28,male,WI Flexible North Carolina North America Chicago TX,high,https://docs.google.com/document/d/12uFuApYMUIY8VJh0XLHzbItDmpxBaOFidNvvy4dYXtY/edit?usp=sharing,545.0,31.0,17.580645161290324,4.0,0.7339449541284404,0.0,0.0,0.0,0.0
usr_1c94368b35,28,female,Los Angeles,none,https://docs.google.com/document/d/1PGxhgaQyd32CHZ63L5l9XkCtivPu_TdMhsNszpveOKI/edit?usp=sharing,292.0,8.0,36.5,3.0,1.0273972602739725,0.0,0.0,2.0,0.684931506849315
usr_b59b3aa4ec,56,male,San Francisco Bay Area,high,https://www.strava.com/athletes/96052109,143.0,8.0,17.875,0.0,0.0,1.0,0.6993006993006993,0.0,0.0
usr_aef0bc1982,31,male,Central Europe,some,https://docs.google.com/document/d/1qXFOJvyzlr-xSYoq2a7Om2yyZ0Ac9d7YRlNUKRm_NnA/edit,340.0,19.0,17.894736842105264,0.0,0.0,0.0,0.0,1.0,0.29411764705882354
usr_51bb038ab9,39,female,San Francisco Bay Area,none,https://docs.google.com/document/d/1FhiUbJtLUdfupRNIdeaE_j5Q7cU5k23D6tbfqOUn9Lo/edit?usp=sharing,1798.0,81.0,22.19753086419753,15.0,0.8342602892102335,6.0,0.33370411568409347,0.0,0.0
usr_bc27cf28c9,26,male,Oxford Ohio Indianapolis,some,https://docs.google.com/document/d/1AxBziJdlv2TOS3TrcbEV-TvejfCQdXQxng7SCWmofcA/edit?usp=sharing,401.0,20.0,20.05,3.0,0.7481296758104738,0.0,0.0,0.0,0.0
usr_dfe670cf74,32,male,Sacramento,some,https://docs.google.com/document/d/1nixe38VtR5cpXhS8qz9jzE9uXxRNBQwdKSdKww9vRj8/edit?usp=sharing,422.0,56.0,7.535714285714286,5.0,1.1848341232227488,0.0,0.0,1.0,0.23696682464454977
usr_aca50c1241,35,nonbinary,Toronto,high,https://bit.ly/connection_quest,543.0,31.0,17.516129032258064,3.0,0.5524861878453038,2.0,0.3683241252302026,3.0,0.5524861878453038
usr_72ee7b01b7,50,female,Central Europe,some,https://date-me-page.notion.site/Date-Anastasia-4e802a8f08b64cbf8606cae089554aab?pvs=4,657.0,46.0,14.282608695652174,0.0,0.0,0.0,0.0,2.0,0.30441400304414
usr_340e6cc34d,70,male,Colorado,some,https://docs.google.com/document/d/1mIpyKrlDoXPtgXLhTdVqzRhWl_JeHTWdp-rNIFjRAf4/edit#heading=h.a68zu5cfjv8y,113.0,3.0,37.666666666666664,0.0,0.0,0.0,0.0,0.0,0.0
usr_30ff43ad3f,59,female,Chicago,high,https://docs.google.com/document/d/1m2M9o-4n698aVmWYz82MzLz2e_G86HAmfOHwB20aW2A/edit,934.0,61.0,15.311475409836065,10.0,1.070663811563169,2.0,0.21413276231263384,1.0,0.10706638115631692
usr_c2d0e67189,28,male,Brazil,high,https://ftuyama.com/,208.0,15.0,13.866666666666667,2.0,0.9615384615384616,0.0,0.0,3.0,1.4423076923076923
usr_d9c2875f2b,39,male,Boston,some,https://docs.google.com/document/d/1ypwx3c2GXYD6rFHFOtlLploKt79fJOSO/edit,1173.0,55.0,21.327272727272728,2.0,0.17050298380221654,3.0,0.2557544757033248,0.0,0.0
usr_d78fe9d889,27,male,San Francisco Bay Area,none,https://docs.google.com/document/d/1qfjdGZXGba0fiFe0Gsav5_9arYRXeQhEuuxUsj7ANx0/edit?usp=sharing,806.0,70.0,11.514285714285714,2.0,0.24813895781637718,1.0,0.12406947890818859,0.0,0.0
usr_d97a99c3b7,35,male,North America,high,https://docs.google.com/document/d/1uWGcTJ6-5oDmxWLghDhM8_AFYXIiRwy_dw8krgYV_kw/edit,135.0,15.0,9.0,3.0,2.2222222222222223,2.0,1.4814814814814816,0.0,0.0
usr_58fe5bb1ed,62,male,Central Europe,high,https://docs.google.com/document/d/1r6SlalYwxHXlPsmeWwL1gMGhvkjDCOZ0eTysmdgRTtQ/edit,1016.0,37.0,27.45945945945946,0.0,0.0,4.0,0.39370078740157477,0.0,0.0
usr_e180f374be,39,female,NYC,unknown,https://docs.google.com/document/d/1fuz-LUAk48Dy6VD6JcGTuFmFclzw-rXg4JKY2UzXzyo/edit?usp=sharing,767.0,39.0,19.666666666666668,6.0,0.7822685788787485,5.0,0.651890482398957,0.0,0.0
usr_298b38ef40,28,male,NYC DC San Francisco Bay Area,high,https://neall.org/,180.0,4.0,45.0,1.0,0.5555555555555556,0.0,0.0,0.0,0.0
usr_4b7db33b94,36,female,Los Angeles,some,https://docs.google.com/document/d/1DUS67VS6qfzekDIgDwmRZTAtBopErm7yuPN9ND2FJzY/edit?usp=sharing,144.0,1.0,144.0,1.0,0.6944444444444444,0.0,0.0,0.0,0.0
usr_8e94444f6f,24,female,San Francisco Bay Area,some,https://www.notion.so/svitlanamm/Relationship-Builder-aae98e8e08e246768ba278406e03cc2a?pvs=4,1478.0,101.0,14.633663366336634,14.0,0.9472259810554804,10.0,0.6765899864682002,7.0,0.4736129905277402
usr_bc41567741,33,nbm,NYC,some,https://pancakemx.notion.site/Date-Doc-Xavier-Jackson-601b9b63c75747e8895b04ed1474dd8d?pvs=4,512.0,29.0,17.655172413793103,1.0,0.1953125,3.0,0.5859375,2.0,0.390625
usr_bac751c66d,46,male,DC,high,https://twitter.com/ryanspahn,130.0,8.0,16.25,1.0,0.7692307692307693,1.0,0.7692307692307693,0.0,0.0
usr_fd38a10137,35,male,CT New Haven,none,https://docs.google.com/document/d/1CZjzRFE40M5bHwTnI9qZRiNDBCLOimQ84zaVC91O4PM/edit,192.0,11.0,17.454545454545453,4.0,2.083333333333333,0.0,0.0,0.0,0.0
usr_ad60c5f6a0,33,female,San Francisco Bay Area,some,https://lishiyo.notion.site/Date-Me-3-2f2c705daf264c6fbde42ee5149d9d6c,2364.0,72.0,32.833333333333336,15.0,0.6345177664974619,3.0,0.12690355329949238,27.0,1.1421319796954315
usr_b25bc47508,26,male,PA,some,https://docs.google.com/document/d/1WC93VkTTABCCPsa-DCsi-4BrGqV52lkKFAw3kd44bjs/edit?usp=sharing,307.0,23.0,13.347826086956522,4.0,1.3029315960912053,1.0,0.32573289902280134,0.0,0.0
usr_8bec96c14b,28,male,PA,high,https://docs.google.com/document/d/16WvdSiHoX-Y64inzJWr9xXYLTLtP98G83IcdfPRUg9g/edit?usp=sharing,2950.0,178.0,16.573033707865168,43.0,1.4576271186440677,5.0,0.1694915254237288,17.0,0.576271186440678
usr_d8d708ea6b,31,male,,high,https://twitter.com/pokarhrk?t=6txMmWBE_IrxOhC5sVsESw&s=09,109.0,6.0,18.166666666666668,1.0,0.9174311926605505,1.0,0.9174311926605505,0.0,0.0
usr_7a0143fed6,30,female,Los Angeles,some,https://docs.google.com/document/d/1B_zIahpCTxws358tP48zSsDC9N0o4DPNfsDTmI8_1_s/edit?usp=sharing,1000.0,66.0,15.151515151515152,1.0,0.1,2.0,0.2,3.0,0.3
usr_65721f6fe3,25,male,San Francisco Bay Area,high,https://docs.google.com/document/d/1tZoVVU-y5ojNnr1bVOHwJR9pYQYu628OFOchuz0jgKw/edit?usp=sharing,478.0,26.0,18.384615384615383,0.0,0.0,0.0,0.0,1.0,0.20920502092050208
usr_80304fd0b5,24,male,NYC,high,https://blue-equipment-c45.notion.site/Mahir-ec780fc3880e4a149a4969ad9137705c,790.0,26.0,30.384615384615383,7.0,0.8860759493670887,0.0,0.0,17.0,2.151898734177215
usr_d76a063805,27,male,,high,https://docs.google.com/document/d/13NtYEhSRcBUBQ2s2Fl1mJ2f3VBL3AbsgKda0QlWGXv4/edit,489.0,26.0,18.807692307692307,6.0,1.2269938650306749,1.0,0.2044989775051125,0.0,0.0
usr_33e12a81c2,24,female,DC,high,https://docs.google.com/document/d/14ukBAVR-FCfjsp1dPOQi6kOyuza1a8WZeuNeHfkeF3w/edit?usp=sharing,499.0,21.0,23.761904761904763,3.0,0.6012024048096193,2.0,0.4008016032064128,0.0,0.0
usr_95a9b10018,22,male,,high,https://docs.google.com/document/d/1Pqwiye0NLQNH-Kq7HV77fhZwfFQVj4qMICRWvr1KzUQ/edit,429.0,27.0,15.88888888888889,3.0,0.6993006993006993,0.0,0.0,0.0,0.0
usr_9c3df10c8e,31,female,San Francisco Bay Area Austin,high,https://docs.google.com/document/d/1ircYicvNaC3-ijI1lMBL0xP5rvSKwlKpXepXO-tbH48/edit?usp=sharing,708.0,17.0,41.64705882352941,1.0,0.14124293785310735,5.0,0.7062146892655368,0.0,0.0
usr_4ca3dd5a11,29,male,London,some,https://docs.google.com/document/d/1fgB48h6-47zWCCAI8zv__-yLiS-nnJLvi2KjeWqaZMw/edit,2640.0,113.0,23.36283185840708,1.0,0.03787878787878788,5.0,0.1893939393939394,0.0,0.0
usr_3da85ea3ec,34,male,Berlin,some,https://docs.google.com/document/d/13HpHyOgHTk-zN_E6qOL4lkUv9xyq8qNxDJRgFQe_tnI/,8536.0,325.0,26.264615384615386,11.0,0.12886597938144329,27.0,0.3163074039362699,0.0,0.0
usr_5d087ea782,29,male,San Francisco Bay Area,some,http://elityre.com/date.html,2444.0,98.0,24.93877551020408,1.0,0.04091653027823241,2.0,0.08183306055646482,0.0,0.0
usr_028ffb91eb,29,nbm,NYC NY San Francisco Bay Area Austin North America,high,https://docs.google.com/document/d/1SvuOkua7aO-DGkF5FjoZrjr9BDxmj4gmcMz8bkFr-Ik/edit,2659.0,186.0,14.295698924731182,11.0,0.4136893569010906,15.0,0.5641218503196691,7.0,0.2632568634825122
usr_88c85ecc38,29,male,Flexible,high,https://docs.google.com/document/d/1dXj2zS__xR4d9siB5HAAanyPt4PEbLlq4oO7vpuSz68/edit?usp=sharing,1301.0,56.0,23.232142857142858,4.0,0.3074558032282859,1.0,0.07686395080707148,0.0,0.0
usr_66a6bdc77b,29,male,London,high,https://docs.google.com/document/d/1Stk3XS_cbQpFdjo4LYdcwMqWxbCF4b5pcROBn8JcR9Q/edit#heading=h.qkeuynlbdyty,1082.0,78.0,13.871794871794872,1.0,0.09242144177449169,5.0,0.46210720887245843,0.0,0.0
usr_ab89eb0bb3,32,male,Lubbock,high,https://docs.google.com/document/d/15VZHZ5MyVtUE1JhONam2vCaUcH0sKjRO2PxE272iZM8/edit?usp=sharing,1690.0,77.0,21.948051948051948,0.0,0.0,3.0,0.17751479289940827,2.0,0.1183431952662722
usr_c5a8d4db9f,29,male,Philadelphia PA,some,https://quinnd.net/date/,854.0,46.0,18.565217391304348,0.0,0.0,3.0,0.351288056206089,0.0,0.0
usr_7fd82cd0b4,43,male,San Francisco Bay Area Berlin Asheville Vancouver Island,high,https://docs.google.com/document/d/1khmwYjPD7cjIC6ssSdH2pYB9BfGCsKvjbrvZoGThkzc/edit,491.0,34.0,14.441176470588236,2.0,0.40733197556008144,0.0,0.0,22.0,4.480651731160896
usr_81ad59323d,38,male,Chicago,some,https://danwahl.net/pages/date-me,892.0,45.0,19.822222222222223,3.0,0.336322869955157,9.0,1.0089686098654709,0.0,0.0
usr_107b467dd6,34,female,London Brighton,some,https://docs.google.com/document/d/1nw8cqbuHReb18hT9_hdbxre7jGQak-ICXPzTlfiNh-c/edit?usp=sharing,536.0,8.0,67.0,2.0,0.3731343283582089,2.0,0.3731343283582089,2.0,0.3731343283582089
usr_a3164c38df,32,female,San Francisco Bay Area,unknown,https://docs.google.com/document/d/1qhpIheDplyu7lUJ9IBhR7mgaoYhsIVlM2gRwO-cVr6s/edit,1312.0,74.0,17.72972972972973,10.0,0.7621951219512195,0.0,0.0,0.0,0.0
usr_98a3a766b8,33,male,Ewing NJ,high,https://sites.google.com/view/cgbessellieu-dating/home,159.0,4.0,39.75,0.0,0.0,2.0,1.257861635220126,0.0,0.0
usr_dc0f7360e9,29,male,Berkeley San Francisco Bay Area,unknown,https://docs.google.com/document/d/1KQdDKB8QY-0X2kqIy2oKjhssX_3nYFOM9qgjovzrA80/edit,927.0,40.0,23.175,3.0,0.3236245954692557,3.0,0.3236245954692557,1.0,0.10787486515641855
usr_6c464a7f53,35,male,,high,http://daystareld.com/blog/date-me/,591.0,23.0,25.695652173913043,6.0,1.015228426395939,0.0,0.0,0.0,0.0
usr_e8711d37b3,31,male,North America,high,https://matiroy.com/writings/My-dating-profile.html,1767.0,109.0,16.211009174311926,2.0,0.11318619128466327,1.0,0.056593095642331635,7.0,0.39615166949632147
usr_225ba0249f,32,female,San Francisco Bay Area,unknown,https://paper.dropbox.com/doc/catherios-dating-profile-Wt2wu19F4z1hUEKk8QXK4,107.0,1.0,107.0,0.0,0.0,0.0,0.0,0.0,0.0
usr_5279084c35,30,male,London,unknown,https://docs.google.com/document/d/1PYgPkCCRKQiz3RVcYP5lDZFBEPX_-H7lvbdSozXBT1Q/edit,2084.0,160.0,13.025,7.0,0.33589251439539347,16.0,0.7677543186180422,0.0,0.0
usr_58c9686525,30,male,NYC,unknown,https://shakeddown.wordpress.com/2021/09/16/1976/,1279.0,63.0,20.3015873015873,4.0,0.3127443315089914,8.0,0.6254886630179828,0.0,0.0
usr_781710d5f3,29,nonbinary,Cambridge MA,high,https://docs.google.com/document/d/1LkBlL5T4ocCoL4okfJEa6Jqds16ZhfLFtKklbry_DG4/edit,3189.0,185.0,17.237837837837837,3.0,0.09407337723424271,0.0,0.0,0.0,0.0
usr_adef7c72b1,34,male,Denver Colorado,unknown,https://lioninawhat.com/love,195.0,12.0,16.25,0.0,0.0,1.0,0.5128205128205128,0.0,0.0
usr_687f8c5cbf,34,male,Western US,unknown,https://astralcodexten.substack.com/p/classifieds-thread-62022/comment/6934410,241.0,12.0,20.083333333333332,0.0,0.0,0.0,0.0,0.0,0.0
usr_75045befd8,24,female,London,high,https://docs.google.com/document/d/1_Xjg6U_n5Wh3-0RHzyn9ZaGsW3vkB9j6r_fch8zRsSo/edit,664.0,35.0,18.97142857142857,2.0,0.30120481927710846,3.0,0.4518072289156626,0.0,0.0
usr_f12e7c6cb0,27,male,San Francisco Bay Area,unknown,https://docs.google.com/document/d/1PfWxS-Xl_KHtHhXfGB8n0IJmKL33MLpJlZNqBrVUPiA/edit,197.0,2.0,98.5,0.0,0.0,3.0,1.5228426395939088,0.0,0.0
usr_466c43842b,38,nonbinary,Ladysmith BC,none,https://docs.google.com/document/d/1ndGs9G9SvGlyILzpyeZ0f8y348mJP5PvZE53xqhJQlI/edit,223.0,8.0,27.875,0.0,0.0,0.0,0.0,0.0,0.0
usr_48e483544a,35,male,NY,high,https://briantomasik.com/my-dating-profile/,7691.0,303.0,25.382838283828384,0.0,0.0,6.0,0.07801326225458328,3.0,0.03900663112729164
usr_448a88249a,39,male,Collingswood NJ,unknown,https://docs.google.com/document/d/1w2jH3CRis1b8G8yuBEZnXLIc-wWCbpc_jr-rYOvcHvU/edit,598.0,49.0,12.204081632653061,22.0,3.678929765886288,9.0,1.5050167224080269,0.0,0.0
